の, ,",", ,2,5,5
余, ,",", ,2,3,2
も,の, ,",", ,2,1,7
人, ,",", ,1,9,1
一, ,",", ,1,7,1
ん, ,",", ,1,6,8
よ,う, ,",", ,1,5,4
女, ,",", ,1,5,2
さ,ん, ,",", ,1,4,2
事, ,",", ,1,3,8
上, ,",", ,1,3,4
何, ,",", ,1,2,7
二, ,",", ,1,0,3
う,ち, ,",", ,9,8
画, ,",", ,9,7
-, ,",", ,9,4
こ,れ, ,",", ,8,9
気, ,",", ,8,4
男, ,",", ,7,9
所, ,",", ,7,7
そ,れ, ,",", ,7,5
春, ,",", ,7,4
時, ,",", ,7,3
下, ,",", ,7,2
眼, ,",", ,7,1
中, ,",", ,7,0
そ,う, ,",", ,6,9
間, ,",", ,6,9
方, ,",", ,6,9
さ, ,",", ,6,7
三, ,",", ,6,6
顔, ,",", ,6,5
今, ,",", ,5,8
な,か, ,",", ,5,7
と,こ,ろ, ,",", ,5,6
色, ,",", ,5,5
ど,こ, ,",", ,4,9
詩, ,",", ,4,7
水,準, ,",", ,4,7
十, ,",", ,4,7
影, ,",", ,4,6
花, ,",", ,4,6
前, ,",", ,4,5
姿, ,",", ,4,4
水, ,",", ,4,4
げ, ,",", ,4,3
声, ,",", ,4,3
和,尚, ,",", ,4,3
山, ,",", ,4,2
3, ,",", ,4,1
1, ,",", ,4,1
), ,",", ,4,1
と,き, ,",", ,4,1
こ,こ, ,",", ,3,9
※,(,「, ,",", ,3,9
ら, ,",", ,3,9
心, ,",", ,3,8
ろ, ,",", ,3,8
物, ,",", ,3,7
日, ,",", ,3,6
家, ,",", ,3,5
老,人, ,",", ,3,5
字, ,",", ,3,4
頭, ,",", ,3,4
様, ,",", ,3,4
一,つ, ,",", ,3,3
手, ,",", ,3,3
あ,な,た, ,",", ,3,2
五, ,",", ,3,1
め, ,",", ,3,1
底, ,",", ,3,1
景,色, ,",", ,3,1
人,間, ,",", ,3,1
訳, ,",", ,3,1
か,い, ,",", ,3,0
空, ,",", ,3,0
口, ,",", ,3,0
嬢, ,",", ,3,0
音, ,",", ,2,9
足, ,",", ,2,9
あ,れ, ,",", ,2,9
婆,さ,ん, ,",", ,2,9
久,一, ,",", ,2,9
ぜ,ん, ,",", ,2,8
ま,ま, ,",", ,2,8
か,く, ,",", ,2,7
身, ,",", ,2,7
昔, ,",", ,2,7
た,め, ,",", ,2,7
自,分, ,",", ,2,7
こ, ,",", ,2,7
六, ,",", ,2,7
わ,れ, ,",", ,2,7
誰, ,",", ,2,7
画,工, ,",", ,2,7
世, ,",", ,2,6
向,う, ,",", ,2,6
点, ,",", ,2,6
句, ,",", ,2,6
自,然, ,",", ,2,6
非,人,情, ,",", ,2,5
茶, ,",", ,2,5
坊,主, ,",", ,2,5
那,美, ,",", ,2,5
き,ょ,う, ,",", ,2,4
だ,い, ,",", ,2,4
吾, ,",", ,2,4
心,持,ち, ,",", ,2,4
感,じ, ,",", ,2,4
年, ,",", ,2,3
枝, ,",", ,2,3
馬, ,",", ,2,3
風, ,",", ,2,3
驚, ,",", ,2,3
ゆ, ,",", ,2,3
わ,し, ,",", ,2,3
世,界, ,",", ,2,2
本, ,",", ,2,2
面, ,",", ,2,2
ひ,と, ,",", ,2,2
い,ち, ,",", ,2,2
雨, ,",", ,2,2
松, ,",", ,2,2
旦,那, ,",", ,2,2
夜, ,",", ,2,2
ほ,か, ,",", ,2,2
た,だ, ,",", ,2,1
芸,術, ,",", ,2,1
せ,い, ,",", ,2,1
ほ,う, ,",", ,2,1
障,子, ,",", ,2,1
彼, ,",", ,2,1
雲, ,",", ,2,0
御,覧, ,",", ,2,0
静,か, ,",", ,2,0
あ,い, ,",", ,2,0
池, ,",", ,2,0
左, ,",", ,1,9
目, ,",", ,1,9
七, ,",", ,1,9
か,ん, ,",", ,1,9
場, ,",", ,1,9
海, ,",", ,1,9
私, ,",", ,1,9
国, ,",", ,1,8
が,ん, ,",", ,1,8
尺, ,",", ,1,8
あ,と, ,",", ,1,8
路, ,",", ,1,8
も,と, ,",", ,1,8
石, ,",", ,1,8
的, ,",", ,1,8
裏, ,",", ,1,8
名, ,",", ,1,8
ら,ん, ,",", ,1,8
源, ,",", ,1,8
し,ょ,う, ,",", ,1,8
鏡, ,",", ,1,8
部,屋, ,",", ,1,8
親,方, ,",", ,1,8
詩,人, ,",", ,1,7
じ,ん, ,",", ,1,7
人,情, ,",", ,1,7
先, ,",", ,1,7
背, ,",", ,1,7
開, ,",", ,1,7
今,日, ,",", ,1,6
腰, ,",", ,1,6
ば, ,",", ,1,6
小,説, ,",", ,1,6
美, ,",", ,1,6
今,度, ,",", ,1,6
畳, ,",", ,1,6
あ,た,り, ,",", ,1,6
写,生, ,",", ,1,6
調,子, ,",", ,1,6
地, ,",", ,1,6
湯, ,",", ,1,6
方,針, ,",", ,1,6
画,家, ,",", ,1,5
そ,こ, ,",", ,1,5
歌, ,",", ,1,5
普,通, ,",", ,1,5
後, ,",", ,1,5
お,い, ,",", ,1,5
温,泉, ,",", ,1,5
奥, ,",", ,1,5
趣, ,",", ,1,5
妙, ,",", ,1,5
言,葉, ,",", ,1,5
波, ,",", ,1,5
屁, ,",", ,1,5
木,瓜, ,",", ,1,5
せ,ん, ,",", ,1,4
百, ,",", ,1,4
崩, ,",", ,1,4
幅, ,",", ,1,4
雲,雀, ,",", ,1,4
い,つ, ,",", ,1,4
右, ,",", ,1,4
籠, ,",", ,1,4
境, ,",", ,1,4
勘,定, ,",", ,1,4
わ, ,",", ,1,4
枚, ,",", ,1,4
夢, ,",", ,1,4
眺, ,",", ,1,4
帖, ,",", ,1,4
奇,麗, ,",", ,1,4
様,子, ,",", ,1,4
度, ,",", ,1,4
床, ,",", ,1,4
い, ,",", ,1,4
は,ず, ,",", ,1,4
入,口, ,",", ,1,4
首, ,",", ,1,4
蜜,柑, ,",", ,1,4
襖, ,",", ,1,4
た,ん, ,",", ,1,3
き,ん, ,",", ,1,3
真,中, ,",", ,1,3
旅, ,",", ,1,3
形, ,",", ,1,3
さ,ま, ,",", ,1,3
以,上, ,",", ,1,3
草, ,",", ,1,3
必,要, ,",", ,1,3
竹, ,",", ,1,3
分, ,",", ,1,3
ふ,う, ,",", ,1,3
苦, ,",", ,1,3
月, ,",", ,1,3
田, ,",", ,1,3
耳, ,",", ,1,3
話, ,",", ,1,3
帯, ,",", ,1,3
廊,下, ,",", ,1,3
例, ,",", ,1,3
縁, ,",", ,1,3
が,い, ,",", ,1,3
念, ,",", ,1,3
蓋, ,",", ,1,3
わ,た,し, ,",", ,1,3
了, ,",", ,1,3
椿, ,",", ,1,3
神, ,",", ,1,2
糸, ,",", ,1,2
岩, ,",", ,1,2
丁, ,",", ,1,2
空,気, ,",", ,1,2
愉,快, ,",", ,1,2
わ,け, ,",", ,1,2
西,洋, ,",", ,1,2
世,の,中, ,",", ,1,2
娘, ,",", ,1,2
汽,車, ,",", ,1,2
俗, ,",", ,1,2
頃, ,",", ,1,2
幾, ,",", ,1,2
し,ょ,う,じ, ,",", ,1,2
兵,衛, ,",", ,1,2
露, ,",", ,1,2
ふ,ち, ,",", ,1,2
た,び, ,",", ,1,2
庭, ,",", ,1,2
う,し, ,",", ,1,2
狂, ,",", ,1,2
四, ,",", ,1,2
机, ,",", ,1,2
文,明, ,",", ,1,2
み,ち, ,",", ,1,1
き,ゅ,う, ,",", ,1,1
界, ,",", ,1,1
苦,し,み, ,",", ,1,1
箱, ,",", ,1,1
歩, ,",", ,1,1
相,違, ,",", ,1,1
葉, ,",", ,1,1
け,い, ,",", ,1,1
芝,居, ,",", ,1,1
い,や, ,",", ,1,1
す,べ,て, ,",", ,1,1
宿, ,",", ,1,1
所,作, ,",", ,1,1
し,ゅ,ん, ,",", ,1,1
返,事, ,",", ,1,1
か,た, ,",", ,1,1
志,保, ,",", ,1,1
客, ,",", ,1,1
鼻, ,",", ,1,1
輪, ,",", ,1,1
く,し, ,",", ,1,1
徹, ,",", ,1,1
き,が, ,",", ,1,1
風,呂, ,",", ,1,1
東,京, ,",", ,1,1
観,海,寺, ,",", ,1,1
青,年, ,",", ,1,1
れ,い, ,",", ,1,0
こ,と, ,",", ,1,0
数, ,",", ,1,0
天,下, ,",", ,1,0
端, ,",", ,1,0
横, ,",", ,1,0
腹, ,",", ,1,0
彼,ら, ,",", ,1,0
味, ,",", ,1,0
ぶ,ん, ,",", ,1,0
好,き, ,",", ,1,0
那,古, ,",", ,1,0
井, ,",", ,1,0
ち,ょ,う, ,",", ,1,0
限,り, ,",", ,1,0
人,物, ,",", ,1,0
こ,ち,ら, ,",", ,1,0
あ,い,だ, ,",", ,1,0
不,思,議, ,",", ,1,0
歩,行, ,",", ,1,0
斜, ,",", ,1,0
樹, ,",", ,1,0
ろ,う, ,",", ,1,0
道,具, ,",", ,1,0
隠,居, ,",", ,1,0
御,前, ,",", ,1,0
さ,き, ,",", ,1,0
い,く,つ, ,",", ,1,0
お,ぼ,ろ, ,",", ,1,0
か,き, ,",", ,1,0
体, ,",", ,1,0
馬,鹿, ,",", ,1,0
な,に, ,",", ,1,0
い,ろ,い,ろ, ,",", ,1,0
硯, ,",", ,1,0
情, ,",", ,9
し,ん, ,",", ,9
は,ん, ,",", ,9
そ,く, ,",", ,9
谷, ,",", ,9
義, ,",", ,9
土, ,",", ,9
曲, ,",", ,9
鳥, ,",", ,9
魂, ,",", ,9
全,体, ,",", ,9
呑,気, ,",", ,9
力, ,",", ,9
者, ,",", ,9
ひ,と,り, ,",", ,9
の,ち, ,",", ,9
め,い, ,",", ,9
興, ,",", ,9
相,手, ,",", ,9
木, ,",", ,9
骨, ,",", ,9
お,の,れ, ,",", ,9
表,情, ,",", ,9
ふ,ん, ,",", ,9
ぼ,う, ,",", ,9
び,ょ,う, ,",", ,9
春,風, ,",", ,9
指, ,",", ,9
途,端, ,",", ,9
一,種, ,",", ,9
な,あ,に, ,",", ,9
振,袖, ,",", ,9
髪, ,",", ,9
駄,目, ,",", ,9
長,良, ,",", ,9
昨,夕, ,",", ,9
ゆ,う,べ, ,",", ,9
壺, ,",", ,9
急, ,",", ,9
海,棠, ,",", ,9
違, ,",", ,9
時,分, ,",", ,9
風,流, ,",", ,9
窓, ,",", ,9
戸, ,",", ,9
岡, ,",", ,9
日,本, ,",", ,9
因,果, ,",", ,9
髭, ,",", ,9
裸,体, ,",", ,9
二,つ, ,",", ,9
寸, ,",", ,9
ヴ,ェ,ニ,ス, ,",", ,9
ど,れ, ,",", ,8
り,ゅ,う, ,",", ,8
楽, ,",", ,8
金, ,",", ,8
大,事, ,",", ,8
肩, ,",", ,8
支, ,",", ,8
合, ,",", ,8
具,合, ,",", ,8
逼, ,",", ,8
そ,ば, ,",", ,8
け,し,き, ,",", ,8
巌, ,",", ,8
支,那, ,",", ,8
通,り, ,",", ,8
桜, ,",", ,8
解, ,",", ,8
同,化, ,",", ,8
浮,世, ,",", ,8
つ,も,り, ,",", ,8
能, ,",", ,8
容,易, ,",", ,8
隔, ,",", ,8
馬,子, ,",", ,8
ご,と, ,",", ,8
己, ,",", ,8
た,る, ,",", ,8
外, ,",", ,8
半,分, ,",", ,8
そ,で, ,",", ,8
か,す,か, ,",", ,8
皆, ,",", ,8
厭, ,",", ,8
鉛,筆, ,",", ,8
纏, ,",", ,8
煙, ,",", ,8
見,当, ,",", ,8
田,舎, ,",", ,8
わ,ら, ,",", ,8
一,番, ,",", ,8
段, ,",", ,8
そ, ,",", ,8
な,み, ,",", ,8
恨, ,",", ,8
態,度, ,",", ,8
筋, ,",", ,8
な,ん, ,",", ,8
意,味, ,",", ,8
星, ,",", ,8
霞, ,",", ,8
て,い, ,",", ,8
閉, ,",", ,8
形,容, ,",", ,8
有,様, ,",", ,8
天, ,",", ,8
辺, ,",", ,8
趣,味, ,",", ,8
石,鹸, ,",", ,8
文, ,",", ,8
尻, ,",", ,8
石,段, ,",", ,8
ホ,ホ,ホ,ホ, ,",", ,8
ハ,ハ,ハ,ハ, ,",", ,8
山,陽, ,",", ,8
庫,裏, ,",", ,8
鳩, ,",", ,8
杓,子, ,",", ,8
舟, ,",", ,8
兄,さ,ん, ,",", ,8
ょ,う, ,",", ,7
ら,い, ,",", ,7
お,の, ,",", ,7
霊, ,",", ,7
こ,ん, ,",", ,7
ば,ん, ,",", ,7
万, ,",", ,7
菜,の,花, ,",", ,7
活,動, ,",", ,7
常, ,",", ,7
四,方, ,",", ,7
の,ん,き, ,",", ,7
い,つ,か, ,",", ,7
結,構, ,",", ,7
利,害, ,",", ,7
刺,激, ,",", ,7
世,間, ,",", ,7
う,り, ,",", ,7
覗, ,",", ,7
独, ,",", ,7
淵, ,",", ,7
た,け, ,",", ,7
い,く,ら, ,",", ,7
臭, ,",", ,7
い,っ,し,ょ, ,",", ,7
垂, ,",", ,7
鈴, ,",", ,7
な,な,め, ,",", ,7
調,和, ,",", ,7
鶏, ,",", ,7
煙,草, ,",", ,7
足,音, ,",", ,7
菓,子, ,",", ,7
血, ,",", ,7
茶,碗, ,",", ,7
毎,日, ,",", ,7
恰,好, ,",", ,7
八, ,",", ,7
戦,争, ,",", ,7
ひ,ょ,う, ,",", ,7
気,楽, ,",", ,7
留, ,",", ,7
挨,拶, ,",", ,7
乙,女, ,",", ,7
い,な,か, ,",", ,7
我,慢, ,",", ,7
椽, ,",", ,7
し,き, ,",", ,7
戸,棚, ,",", ,7
柳, ,",", ,7
え,り, ,",", ,7
価,値, ,",", ,7
据, ,",", ,7
あ,し, ,",", ,7
ふ,く, ,",", ,7
加,減, ,",", ,7
た,い, ,",", ,7
泥, ,",", ,7
す,き, ,",", ,7
書,物, ,",", ,7
丈, ,",", ,7
階, ,",", ,7
青,磁, ,",", ,7
模,様, ,",", ,7
も,ん, ,",", ,7
り,ょ,う, ,",", ,7
紫, ,",", ,7
末, ,",", ,7
門, ,",", ,7
灯, ,",", ,7
皮, ,",", ,7
探,偵, ,",", ,7
梵,論,字, ,",", ,7
博,士, ,",", ,7
車, ,",", ,7
角, ,",", ,6
軒, ,",", ,6
長,閑, ,",", ,6
の,ど,か, ,",", ,6
お,ん, ,",", ,6
観, ,",", ,6
恋, ,",", ,6
飽, ,",", ,6
損, ,",", ,6
卸, ,",", ,6
絵,の,具, ,",", ,6
黒, ,",", ,6
山,桜, ,",", ,6
判,然, ,",", ,6
ぎ, ,",", ,6
道, ,",", ,6
ひ,ば,り, ,",", ,6
裡, ,",", ,6
際, ,",", ,6
最,後, ,",", ,6
た,ま, ,",", ,6
し,り, ,",", ,6
心,持, ,",", ,6
胸, ,",", ,6
地,面, ,",", ,6
め,ん, ,",", ,6
ま,き, ,",", ,6
自,己, ,",", ,6
嫌, ,",", ,6
大,変, ,",", ,6
自,由, ,",", ,6
銭, ,",", ,6
無,理, ,",", ,6
し,ゅ,う, ,",", ,6
感,興, ,",", ,6
き,ゃ,く, ,",", ,6
明, ,",", ,6
天,地, ,",", ,6
じ,ゅ,う, ,",", ,6
呑, ,",", ,6
か,ね, ,",", ,6
つ,い,で, ,",", ,6
枕,元, ,",", ,6
勝,手, ,",", ,6
面,倒, ,",", ,6
む,や,み, ,",", ,6
双,方, ,",", ,6
こ,ま,や,か, ,",", ,6
帽,子, ,",", ,6
濡, ,",", ,6
身,体, ,",", ,6
席, ,",", ,6
ど,こ,ぞ, ,",", ,6
山,里, ,",", ,6
鶯, ,",", ,6
4, ,",", ,6
2, ,",", ,6
),※,(,「, ,",", ,6
両,方, ,",", ,6
か,っ,こ,う, ,",", ,6
里, ,",", ,6
同,様, ,",", ,6
村, ,",", ,6
う,た, ,",", ,6
す, ,",", ,6
工,夫, ,",", ,6
近,頃, ,",", ,6
撫, ,",", ,6
ふ,り, ,",", ,6
水,の,上, ,",", ,6
あ,い,さ,つ, ,",", ,6
是,非, ,",", ,6
出, ,",", ,6
室, ,",", ,6
と,こ, ,",", ,6
め,し, ,",", ,6
晩, ,",", ,6
ち,く, ,",", ,6
額, ,",", ,6
て,つ, ,",", ,6
げ,ん, ,",", ,6
筆, ,",", ,6
非,常, ,",", ,6
ゅ,う, ,",", ,6
意, ,",", ,6
え,ん, ,",", ,6
憐, ,",", ,6
刹,那, ,",", ,6
ひ,ざ, ,",", ,6
輪,廓, ,",", ,6
描, ,",", ,6
修,業, ,",", ,6
大,丈,夫, ,",", ,6
場,合, ,",", ,6
か,す,み, ,",", ,6
滑, ,",", ,6
し,ら, ,",", ,6
変,化, ,",", ,6
柔, ,",", ,6
ふ,た, ,",", ,6
熊,笹, ,",", ,6
遠,く, ,",", ,6
き,ら,い, ,",", ,6
品, ,",", ,6
鉢, ,",", ,6
あ,ご, ,",", ,6
羊,羹, ,",", ,6
個, ,",", ,6
肉, ,",", ,6
お,し, ,",", ,6
印, ,",", ,6
き,ち, ,",", ,6
こ,ろ, ,",", ,6
本,堂, ,",", ,6
泰, ,",", ,6
安, ,",", ,6
黄, ,",", ,6
初, ,",", ,6
あ,ざ,や,か, ,",", ,6
坪, ,",", ,6
た,く, ,",", ,6
散,歩, ,",", ,6
九, ,",", ,6
真,直, ,",", ,6
木,蓮, ,",", ,6
嗤, ,",", ,6
野,武,士, ,",", ,6
悟, ,",", ,5
鬼, ,",", ,5
命, ,",", ,5
湧, ,",", ,5
王, ,",", ,5
乾,坤, ,",", ,5
甲,斐, ,",", ,5
心,配, ,",", ,5
考, ,",", ,5
蒼, ,",", ,5
薄, ,",", ,5
棚, ,",", ,5
確, ,",", ,5
あ,す,こ, ,",", ,5
く,り, ,",", ,5
蚤, ,",", ,5
瞬,時, ,",", ,5
前,後, ,",", ,5
気,の,毒, ,",", ,5
景,物, ,",", ,5
刻, ,",", ,5
自,身, ,",", ,5
地,位, ,",", ,5
ょ, ,",", ,5
人,事, ,",", ,5
馳, ,",", ,5
功,徳, ,",", ,5
境,界, ,",", ,5
き,ょ,う,が,い, ,",", ,5
一,人,ひ,と,り, ,",", ,5
三,脚, ,",", ,5
几, ,",", ,5
藪, ,",", ,5
逢, ,",", ,5
す,み, ,",", ,5
ぎ,わ, ,",", ,5
着,物, ,",", ,5
出,来,事, ,",", ,5
た,ち, ,",", ,5
観,察, ,",", ,5
雅, ,",", ,5
立, ,",", ,5
こ,っ,ち, ,",", ,5
懐, ,",", ,5
ふ,と,こ,ろ, ,",", ,5
欺, ,",", ,5
す,そ, ,",", ,5
あ,ま, ,",", ,5
だ,れ, ,",", ,5
ぎ,ん, ,",", ,5
揺, ,",", ,5
床,几, ,",", ,5
羽, ,",", ,5
た,ば,こ, ,",", ,5
火, ,",", ,5
姿,勢, ,",", ,5
真, ,",", ,5
し,ょ, ,",", ,5
往,来, ,",", ,5
が,き, ,",", ,5
う,ぐ,い,す, ,",", ,5
さ,っ,き, ,",", ,5
元, ,",", ,5
ず,り, ,",", ,5
せ,つ, ,",", ,5
別, ,",", ,5
逗,留, ,",", ,5
と,う,り,ゅ,う, ,",", ,5
平,気, ,",", ,5
唄, ,",", ,5
憐,れ, ,",", ,5
町, ,",", ,5
寺, ,",", ,5
住,居, ,",", ,5
眼,前, ,",", ,5
船, ,",", ,5
衣, ,",", ,5
ミ,レ,ー, ,",", ,5
オ,フ,ェ,リ,ヤ, ,",", ,5
き,れ,い, ,",", ,5
お,と,め, ,",", ,5
む,か,し, ,",", ,5
思,い, ,",", ,5
川, ,",", ,5
果, ,",", ,5
座,敷, ,",", ,5
普,段, ,",", ,5
え,い, ,",", ,5
近,く, ,",", ,5
応, ,",", ,5
茫,然, ,",", ,5
時,計, ,",", ,5
帰, ,",", ,5
み,ず,か,ら, ,",", ,5
起,臥, ,",", ,5
わ,れ,わ,れ, ,",", ,5
彩, ,",", ,5
気,味, ,",", ,5
蚊, ,",", ,5
電,車, ,",", ,5
涙, ,",", ,5
お,れ, ,",", ,5
朧, ,",", ,5
化, ,",", ,5
状,態, ,",", ,5
心,地, ,",", ,5
腕, ,",", ,5
眠,り, ,",", ,5
牛, ,",", ,5
側, ,",", ,5
昼, ,",", ,5
8,4, ,",", ,5
運,命, ,",", ,5
統,一, ,",", ,5
事,実, ,",", ,5
が,け, ,",", ,5
周,囲, ,",", ,5
く,ま, ,",", ,5
岨,道, ,",", ,5
欄,干, ,",", ,5
倚, ,",", ,5
い,き, ,",", ,5
今,朝, ,",", ,5
皿, ,",", ,5
赤, ,",", ,5
禅, ,",", ,5
1,5, ,",", ,5
視,線, ,",", ,5
が,ら, ,",", ,5
退,屈, ,",", ,5
く,ず, ,",", ,5
説,明, ,",", ,5
義,理, ,",", ,5
種, ,",", ,5
し,ょ,う,じ,ん, ,",", ,5
容,赦, ,",", ,5
そ,り, ,",", ,5
毫, ,",", ,5
奴, ,",", ,5
き,じ, ,",", ,5
つ,ば, ,",", ,5
さ,く, ,",", ,5
多,く, ,",", ,5
語, ,",", ,5
線, ,",", ,5
気,合, ,",", ,5
時,間, ,",", ,5
9,4, ,",", ,5
9,2, ,",", ,5
9,3, ,",", ,5
平,和, ,",", ,5
供, ,",", ,5
鉄, ,",", ,5
丁,寧, ,",", ,5
髯, ,",", ,5
久, ,",", ,5
こ,の,間, ,",", ,5
折, ,",", ,5
徂,徠, ,",", ,5
る,い, ,",", ,5
水,際, ,",", ,5
か,ん,じ,ょ,う, ,",", ,5
鮮, ,",", ,5
苦,痛, ,",", ,5
下,駄, ,",", ,5
個,人, ,",", ,5
壮,烈, ,",", ,5
ぼ,け, ,",", ,5
一,行, ,",", ,5
く,つ, ,",", ,4
豊,か, ,",", ,4
紙, ,",", ,4
8,8, ,",", ,4
俗,界, ,",", ,4
む,し, ,",", ,4
ぼ,ん, ,",", ,4
子, ,",", ,4
君, ,",", ,4
う,じ, ,",", ,4
幸,福, ,",", ,4
背,中, ,",", ,4
聳, ,",", ,4
つ,ぎ, ,",", ,4
峙, ,",", ,4
左,右, ,",", ,4
一,間, ,",", ,4
ま,ん,な,か, ,",", ,4
貫, ,",", ,4
明,ら,か, ,",", ,4
余,裕, ,",", ,4
次, ,",", ,4
微,塵, ,",", ,4
み,じ,ん, ,",", ,4
ぶ,つ, ,",", ,4
じ,ゅ,ん, ,",", ,4
き,ょ,く, ,",", ,4
免, ,",", ,4
交, ,",", ,4
い,か, ,",", ,4
用, ,",", ,4
詩,的, ,",", ,4
南,山, ,",", ,4
な,ん,ざ,ん, ,",", ,4
権,利, ,",", ,4
礼, ,",", ,4
世,紀, ,",", ,4
掛, ,",", ,4
逍,遥, ,",", ,4
頬, ,",", ,4
し,だ,い, ,",", ,4
拝,見, ,",", ,4
墨, ,",", ,4
芸, ,",", ,4
根, ,",", ,4
性, ,",", ,4
真,似, ,",", ,4
挙, ,",", ,4
右,手, ,",", ,4
脈, ,",", ,4
か,げ, ,",", ,4
気,持, ,",", ,4
咏, ,",", ,4
動, ,",", ,4
こ,う, ,",", ,4
淋, ,",", ,4
竈, ,",", ,4
茶,店, ,",", ,4
未,練, ,",", ,4
柱, ,",", ,4
は,る,か, ,",", ,4
袖, ,",", ,4
達,者, ,",", ,4
頼,み, ,",", ,4
切, ,",", ,4
な,か,ば, ,",", ,4
古,今, ,",", ,4
善, ,",", ,4
冥, ,",", ,4
想,像, ,",", ,4
嫁, ,",", ,4
尾, ,",", ,4
御,免, ,",", ,4
対, ,",", ,4
幸, ,",", ,4
光, ,",", ,4
壊, ,",", ,4
催,促, ,",", ,4
染, ,",", ,4
垢, ,",", ,4
東,西, ,",", ,4
案,内, ,",", ,4
滅,多, ,",", ,4
紙,燭, ,",", ,4
け,が, ,",", ,4
問,題, ,",", ,4
棟, ,",", ,4
む,ね, ,",", ,4
草,原, ,",", ,4
あ,き,ら,か, ,",", ,4
ま,と,も, ,",", ,4
今,夜, ,",", ,4
塵, ,",", ,4
ば,く, ,",", ,4
高,泉, ,",", ,4
彩,色, ,",", ,4
小,声, ,",", ,4
う,つ,つ, ,",", ,4
感, ,",", ,4
現,象, ,",", ,4
う,ら,み, ,",", ,4
布,団, ,",", ,4
膝, ,",", ,4
幹, ,",", ,4
ぼ,う,ぜ,ん, ,",", ,4
穴, ,",", ,4
枕, ,",", ,4
袂, ,",", ,4
た,も,と, ,",", ,4
失,恋, ,",", ,4
題,目, ,",", ,4
そ,の,も,の, ,",", ,4
美,術, ,",", ,4
愚, ,",", ,4
不,幸, ,",", ,4
山,水, ,",", ,4
四,角, ,",", ,4
き,り, ,",", ,4
研,究, ,",", ,4
余,地, ,",", ,4
主,張, ,",", ,4
重, ,",", ,4
み,な, ,",", ,4
忘, ,",", ,4
わ,ん, ,",", ,4
な,め,ら,か, ,",", ,4
相, ,",", ,4
向, ,",", ,4
内, ,",", ,4
言,語, ,",", ,4
活,力, ,",", ,4
湛, ,",", ,4
へ,ん, ,",", ,4
勢, ,",", ,4
ふ,し, ,",", ,4
て,ん, ,",", ,4
飯, ,",", ,4
崖, ,",", ,4
み,ど,り, ,",", ,4
お,り, ,",", ,4
踵, ,",", ,4
9,1, ,",", ,4
み,か,ん, ,",", ,4
き,と,う, ,",", ,4
女,郎, ,",", ,4
傍, ,",", ,4
せ,き, ,",", ,4
箸, ,",", ,4
三,味,線, ,",", ,4
行, ,",", ,4
関,係, ,",", ,4
虹, ,",", ,4
蜘,蛛, ,",", ,4
く,も, ,",", ,4
邪,魔, ,",", ,4
顎, ,",", ,4
立,派, ,",", ,4
透,明, ,",", ,4
光,線, ,",", ,4
父, ,",", ,4
た,く,さ,ん, ,",", ,4
ち,ょ,う,だ,い, ,",", ,4
咽,喉, ,",", ,4
江,戸, ,",", ,4
っ,子, ,",", ,4
竜, ,",", ,4
英, ,",", ,4
幾,分, ,",", ,4
当,人, ,",", ,4
兄, ,",", ,4
爪, ,",", ,4
頸, ,",", ,4
の,れ,ん, ,",", ,4
陽,炎, ,",", ,4
か,げ,ろ,う, ,",", ,4
そ,の,間, ,",", ,4
溶, ,",", ,4
両,者, ,",", ,4
さ,ん,ず,い, ,",", ,4
8,7, ,",", ,4
小,坊,主, ,",", ,4
死, ,",", ,4
逃, ,",", ,4
す,り, ,",", ,4
賞, ,",", ,4
夕,暮, ,",", ,4
帆, ,",", ,4
ず,い, ,",", ,4
香, ,",", ,4
遠,慮, ,",", ,4
稲,妻, ,",", ,4
紅, ,",", ,4
主,意, ,",", ,4
成,功, ,",", ,4
し,ょ,く, ,",", ,4
記,憶, ,",", ,4
把, ,",", ,4
む,る, ,",", ,4
無,邪,気, ,",", ,4
槽, ,",", ,4
肌, ,",", ,4
往,生, ,",", ,4
岸, ,",", ,4
余,り, ,",", ,4
畠, ,",", ,4
控, ,",", ,4
抽, ,",", ,4
鱗, ,",", ,4
緑, ,",", ,4
毯, ,",", ,4
虎, ,",", ,4
達,磨, ,",", ,4
絵, ,",", ,4
日,影, ,",", ,4
草,履, ,",", ,4
袋, ,",", ,4
春,水, ,",", ,4
蘭, ,",", ,4
ぺ,ん, ,",", ,4
現,実, ,",", ,4
舷, ,",", ,4
先,生, ,",", ,4
遥,か, ,",", ,4
甃, ,",", ,4
屋,根, ,",", ,4
継, ,",", ,4
警,察, ,",", ,4
短,刀, ,",", ,4
停,車,場, ,",", ,4
個,性, ,",", ,4
革,命, ,",", ,4
山,路, ,",", ,3
窮,屈, ,",", ,3
尊, ,",", ,3
音,楽, ,",", ,3
彫,刻, ,",", ,3
胸,裏, ,",", ,3
ま,つ, ,",", ,3
さ,い, ,",", ,3
う,ら,ら, ,",", ,3
一,句, ,",", ,3
1,7, ,",", ,3
解,脱, ,",", ,3
ふ,じ, ,",", ,3
ち,ょ, ,",", ,3
喜,び, ,",", ,3
不,愉,快, ,",", ,3
い,し, ,",", ,3
平,衡, ,",", ,3
峰, ,",", ,3
杉, ,",", ,3
靄, ,",", ,3
手,前, ,",", ,3
平,面, ,",", ,3
始,末, ,",", ,3
悠,然, ,",", ,3
三,角, ,",", ,3
適,当, ,",", ,3
忙, ,",", ,3
鳴,き, ,",", ,3
漂, ,",", ,3
ど,こ,ろ, ,",", ,3
あ,ん,し,ょ,う, ,",", ,3
i,s, ,",", ,3
o,f, ,",", ,3
., ,",", ,3
笑, ,",", ,3
そ,ん, ,",", ,3
雑,木, ,",", ,3
詩,境, ,",", ,3
じ,ょ,う,し, ,",", ,3
余,計, ,",", ,3
絶, ,",", ,3
根,本, ,",", ,3
詩,歌, ,",", ,3
う,き,よ, ,",", ,3
垣, ,",", ,3
次,第, ,",", ,3
出,世,間, ,",", ,3
優, ,",", ,3
み,ん,な, ,",", ,3
維, ,",", ,3
会, ,",", ,3
担, ,",", ,3
に,ん,じ,ょ,う, ,",", ,3
蚊,帳, ,",", ,3
か,や, ,",", ,3
ほ,お, ,",", ,3
腰,巻, ,",", ,3
今,宵, ,",", ,3
言, ,",", ,3
こ,と,ば, ,",", ,3
お,と, ,",", ,3
棄, ,",", ,3
葛,藤, ,",", ,3
か,っ,と,う, ,",", ,3
以,外, ,",", ,3
美,的, ,",", ,3
霧, ,",", ,3
く,に, ,",", ,3
こ,こ,ら, ,",", ,3
一,筋, ,",", ,3
帽, ,",", ,3
銀, ,",", ,3
有,体, ,",", ,3
あ,り,て,い, ,",", ,3
瞬,間, ,",", ,3
ざ,ん, ,",", ,3
煤, ,",", ,3
草,鞋, ,",", ,3
わ,ら,じ, ,",", ,3
駄,菓,子, ,",", ,3
厘, ,",", ,3
隅, ,",", ,3
臼, ,",", ,3
に,わ,と,り, ,",", ,3
今,し,が,た, ,",", ,3
茶,釜, ,",", ,3
が,ま, ,",", ,3
盆, ,",", ,3
知,ら,ぬ,顔, ,",", ,3
あ,け, ,",", ,3
都, ,",", ,3
舞,台, ,",", ,3
爺,さ,ん, ,",", ,3
写,真, ,",", ,3
乾, ,",", ,3
夫,婦, ,",", ,3
糞, ,",", ,3
い,つ,の, ,",", ,3
一,筆, ,",", ,3
板, ,",", ,3
逡,巡, ,",", ,3
一,角, ,",", ,3
天,狗,岩, ,",", ,3
存,在, ,",", ,3
図, ,",", ,3
理,想, ,",", ,3
べ,つ, ,",", ,3
穏, ,",", ,3
お,だ,や,か, ,",", ,3
も,ち, ,",", ,3
磨, ,",", ,3
注,文, ,",", ,3
だ,ん,な, ,",", ,3
湯,治, ,",", ,3
匹, ,",", ,3
は,く, ,",", ,3
認, ,",", ,3
節, ,",", ,3
実,物, ,",", ,3
城,下, ,",", ,3
仕,合,せ, ,",", ,3
器,量, ,",", ,3
裾,模,様, ,",", ,3
朦,朧, ,",", ,3
も,う,ろ,う, ,",", ,3
帰,り, ,",", ,3
峠, ,",", ,3
覊,絏, ,",", ,3
さ,だ, ,",", ,3
靡, ,",", ,3
五,輪, ,",", ,3
塔, ,",", ,3
祟, ,",", ,3
京,都, ,",", ,3
お,い,で, ,",", ,3
色,々, ,",", ,3
不,人,情, ,",", ,3
あ,な, ,",", ,3
気,持,ち, ,",", ,3
区,別, ,",", ,3
め,っ,た, ,",", ,3
階,段, ,",", ,3
掃,除, ,",", ,3
ふ,だ,ん, ,",", ,3
た,て, ,",", ,3
浜, ,",", ,3
だ,ら,け, ,",", ,3
し,ん,ぼ,う, ,",", ,3
偶,然, ,",", ,3
朱, ,",", ,3
不,動, ,",", ,3
た,し,か, ,",", ,3
平,生, ,",", ,3
竿, ,",", ,3
流,れ, ,",", ,3
禅,師, ,",", ,3
何,事, ,",", ,3
と,く, ,",", ,3
部,分, ,",", ,3
よ, ,",", ,3
こ,の,世, ,",", ,3
病, ,",", ,3
意,識, ,",", ,3
我, ,",", ,3
化,物, ,",", ,3
怪, ,",", ,3
材,料, ,",", ,3
常,人, ,",", ,3
立,脚, ,",", ,3
旅,行, ,",", ,3
朝, ,",", ,3
不,平, ,",", ,3
矛,盾, ,",", ,3
天,然, ,",", ,3
辟,易, ,",", ,3
へ,き,え,き, ,",", ,3
タ,ー,ナ,ー, ,",", ,3
ゆ,た,か, ,",", ,3
朧,夜, ,",", ,3
資,格, ,",", ,3
覚,悟, ,",", ,3
他,人, ,",", ,3
軽,便, ,",", ,3
ち,ょ,く, ,",", ,3
ぐ,る, ,",", ,3
朧,月, ,",", ,3
月,下, ,",", ,3
い,か,ん, ,",", ,3
宇,宙, ,",", ,3
一,段, ,",", ,3
殻, ,",", ,3
態, ,",", ,3
氛, ,",", ,3
纏,綿, ,",", ,3
て,ん,め,ん, ,",", ,3
れ,ん, ,",", ,3
び, ,",", ,3
さ,か,い, ,",", ,3
唐,紙, ,",", ,3
幻,影, ,",", ,3
潜, ,",", ,3
ぞ,う, ,",", ,3
量, ,",", ,3
い,ま, ,",", ,3
粛, ,",", ,3
縹,緲, ,",", ,3
遺,憾, ,",", ,3
本,来, ,",", ,3
円,満, ,",", ,3
支,配, ,",", ,3
古,来, ,",", ,3
ひ,た,い, ,",", ,3
滴, ,",", ,3
軽,薄, ,",", ,3
け,つ, ,",", ,3
機, ,",", ,3
証,拠, ,",", ,3
圧, ,",", ,3
し,ゃ,く, ,",", ,3
銀,杏, ,",", ,3
い,ち,ょ,う, ,",", ,3
襟, ,",", ,3
繻,子, ,",", ,3
白, ,",", ,3
お,ら, ,",", ,3
午, ,",", ,3
右,側, ,",", ,3
名,残, ,",", ,3
な,ご,り, ,",", ,3
苔, ,",", ,3
素, ,",", ,3
翠, ,",", ,3
屋, ,",", ,3
地,勢, ,",", ,3
察, ,",", ,3
平,地, ,",", ,3
構, ,",", ,3
道,理, ,",", ,3
凹, ,",", ,3
む,り, ,",", ,3
株, ,",", ,3
磴, ,",", ,3
中,庭, ,",", ,3
表, ,",", ,3
椽,側, ,",", ,3
呼,吸, ,",", ,3
膳, ,",", ,3
椀, ,",", ,3
盛, ,",", ,3
奥,様, ,",", ,3
去,年, ,",", ,3
三,味, ,",", ,3
卒,然, ,",", ,3
勝, ,",", ,3
有, ,",", ,3
作, ,",", ,3
肘, ,",", ,3
ひ,じ, ,",", ,3
玉, ,",", ,3
一,目, ,",", ,3
城, ,",", ,3
下,じ, ,",", ,3
眼,中, ,",", ,3
大,好,き, ,",", ,3
茶,人, ,",", ,3
ば,り, ,",", ,3
教,育, ,",", ,3
流,儀, ,",", ,3
褒, ,",", ,3
と,っ,さ, ,",", ,3
啼, ,",", ,3
の,ど, ,",", ,3
昨,日, ,",", ,3
き,の,う, ,",", ,3
不,意, ,",", ,3
ち,げ, ,",", ,3
橋, ,",", ,3
し,ゃ,ぼ,ん, ,",", ,3
裸, ,",", ,3
く,ん, ,",", ,3
具, ,",", ,3
辛,抱, ,",", ,3
ひ,き, ,",", ,3
潰, ,",", ,3
児, ,",", ,3
本,人, ,",", ,3
法, ,",", ,3
本,家, ,",", ,3
遊,び, ,",", ,3
運,動, ,",", ,3
烈, ,",", ,3
御,上, ,",", ,3
か,ん,か,い, ,",", ,3
お,ま,え, ,",", ,3
ふ,み, ,",", ,3
口,説, ,",", ,3
変, ,",", ,3
仏, ,",", ,3
恥, ,",", ,3
暖,簾, ,",", ,3
燕, ,",", ,3
貝, ,",", ,3
人,格, ,",", ,3
風,光, ,",", ,3
影,響, ,",", ,3
さ,い,わ,い, ,",", ,3
気,象, ,",", ,3
叶, ,",", ,3
い,く, ,",", ,3
容, ,",", ,3
程,度, ,",", ,3
才,子, ,",", ,3
滑,稽, ,",", ,3
こ,っ,け,い, ,",", ,3
太,平, ,",", ,3
老,師, ,",", ,3
上,手, ,",", ,3
酒, ,",", ,3
智,識, ,",", ,3
藉, ,",", ,3
掌, ,",", ,3
明,瞭, ,",", ,3
ほ,う,こ,う, ,",", ,3
液, ,",", ,3
物,象, ,",", ,3
森, ,",", ,3
視,界, ,",", ,3
択, ,",", ,3
ム,ー,ド, ,",", ,3
気,韻, ,",", ,3
き,い, ,",", ,3
し,ゅ,つ, ,",", ,3
配,合, ,",", ,3
手,段, ,",", ,3
条,件, ,",", ,3
按,排, ,",", ,3
あ,ん,ば,い, ,",", ,3
空,間, ,",", ,3
制,限, ,",", ,3
充, ,",", ,3
ラ,オ, ,",", ,3
コ,ー,ン, ,",", ,3
最,初, ,",", ,3
始,め, ,",", ,3
し,ん,に,ょ,う, ,",", ,3
貌, ,",", ,3
5,8, ,",", ,3
が,た, ,",", ,3
装, ,",", ,3
暮,れ, ,",", ,3
念,仏, ,",", ,3
湯,槽, ,",", ,3
泉, ,",", ,3
基,督, ,",", ,3
土,左,衛,門, ,",", ,3
興,味, ,",", ,3
無,責,任, ,",", ,3
倉, ,",", ,3
睨, ,",", ,3
年,々, ,",", ,3
伸, ,",", ,3
画,題, ,",", ,3
卑, ,",", ,3
ひ,と,み, ,",", ,3
充,満, ,",", ,3
僧, ,",", ,3
代,り, ,",", ,3
か,た,ん, ,",", ,3
藍, ,",", ,3
半, ,",", ,3
臀, ,",", ,3
だ,る,ま, ,",", ,3
杢, ,",", ,3
銘, ,",", ,3
た,み, ,",", ,3
ぞ,う,り, ,",", ,3
恭, ,",", ,3
緞,子, ,",", ,3
端,渓, ,",", ,3
6,0, ,",", ,3
俗,気, ,",", ,3
軸, ,",", ,3
ワ,ハ,ハ,ハ,ハ, ,",", ,3
す,れ,す,れ, ,",", ,3
洲, ,",", ,3
勉,強, ,",", ,3
く,じ, ,",", ,3
ホ,ホ,ホ, ,",", ,3
日,本,語, ,",", ,3
扶, ,",", ,3
舳, ,",", ,3
だ,ま, ,",", ,3
轟, ,",", ,3
不,規,則, ,",", ,3
わ,た,く,し, ,",", ,3
冗,談, ,",", ,3
顧, ,",", ,3
巡,査, ,",", ,3
千, ,",", ,3
燐, ,",", ,3
マ,ッ,チ, ,",", ,3
し,ま, ,",", ,3
薪, ,",", ,3
山,門, ,",", ,3
列, ,",", ,3
行,儀, ,",", ,3
否, ,",", ,3
覇,王,樹, ,",", ,3
い,し,だ, ,",", ,3
巧, ,",", ,3
た,く,み, ,",", ,3
び,ん, ,",", ,3
先,代, ,",", ,3
日,本,橋, ,",", ,3
主, ,",", ,3
所,々, ,",", ,3
役,者, ,",", ,3
社,会, ,",", ,3
号, ,",", ,3
行,為, ,",", ,3
白,壁, ,",", ,3
藁, ,",", ,3
ひ,つ, ,",", ,3
財,布, ,",", ,3
亭,主, ,",", ,3
ス,テ,ー,シ,ョ,ン, ,",", ,3
荷,物, ,",", ,3
軍,人, ,",", ,3
家,鴨, ,",", ,3
鉄,柵, ,",", ,3
人,で,な,し, ,",", ,2
士, ,",", ,2
云, ,",", ,2
画,架, ,",", ,2
台, ,",", ,2
方,寸, ,",", ,2
カ,メ,ラ, ,",", ,2
故, ,",", ,2
賺, ,",", ,2
9,0, ,",", ,2
人,世, ,",", ,2
煩,悩, ,",", ,2
建,立, ,",", ,2
千,金, ,",", ,2
ょ,う,の, ,",", ,2
ほ,ど, ,",", ,2
角,石, ,",", ,2
は,し, ,",", ,2
わ,や, ,",", ,2
腋, ,",", ,2
わ,き,の,下, ,",", ,2
檜, ,",", ,2
ひ,の,き, ,",", ,2
引, ,",", ,2
群, ,",", ,2
眉, ,",", ,2
ま,ゆ, ,",", ,2
禿, ,",", ,2
巨,人, ,",", ,2
赤,松, ,",", ,2
毛,布, ,",", ,2
平,ら, ,",", ,2
切,り, ,",", ,2
ほ,り, ,",", ,2
が,り, ,",", ,2
絶,間, ,",", ,2
あ,げ,く, ,",", ,2
菜, ,",", ,2
原, ,",", ,2
十,文,字, ,",", ,2
元,気, ,",", ,2
猫, ,",", ,2
鼠, ,",", ,2
正,体, ,",", ,2
シ,ェ,レ,ー, ,",", ,2
暗,誦, ,",", ,2
l,o,o,k, ,",", ,2
O,u,r, ,",", ,2
W,i,t,h, ,",", ,2
き,わ,み, ,",", ,2
想, ,",", ,2
忘,却, ,",", ,2
万,斛, ,",", ,2
倍, ,",", ,2
鋭,敏, ,",", ,2
蒲,公,英, ,",", ,2
鋸, ,",", ,2
黄,色, ,",", ,2
珠, ,",", ,2
巻, ,",", ,2
了,見, ,",", ,2
り,ょ,う,け,ん, ,",", ,2
瞬, ,",", ,2
り,え, ,",", ,2
利, ,",", ,2
存, ,",", ,2
そ,の,他, ,",", ,2
情,緒, ,",", ,2
鼓,舞, ,",", ,2
俗,念, ,",", ,2
放,棄, ,",", ,2
塵,界, ,",", ,2
純,粋, ,",", ,2
同,情, ,",", ,2
愛, ,",", ,2
弁, ,",", ,2
ひ,ま, ,",", ,2
光,景, ,",", ,2
汗, ,",", ,2
篁, ,",", ,2
ゆ,う,こ,う, ,",", ,2
来, ,",", ,2
照, ,",", ,2
ゃ, ,",", ,2
義,務, ,",", ,2
大,切, ,",", ,2
桃,源, ,",", ,2
ま,じ, ,",", ,2
酔, ,",", ,2
分,子, ,",", ,2
筍, ,",", ,2
見,様, ,",", ,2
弟,子, ,",", ,2
鐘, ,",", ,2
わ,ざ, ,",", ,2
享, ,",", ,2
下,界, ,",", ,2
手,際, ,",", ,2
悠,長, ,",", ,2
振,舞, ,",", ,2
ょ,ち,ゅ,う,に, ,",", ,2
ま,く,ら, ,",", ,2
尿, ,",", ,2
町,人, ,",", ,2
爺, ,",", ,2
婆, ,",", ,2
仮,定, ,",", ,2
こ,な,し, ,",", ,2
ま,ね, ,",", ,2
せ,ん,ぎ, ,",", ,2
だ,て, ,",", ,2
衝,突, ,",", ,2
電,気, ,",", ,2
画,面, ,",", ,2
騒,ぎ, ,",", ,2
動,作, ,",", ,2
鑒,識, ,",", ,2
か,ん,し, ,",", ,2
決,心, ,",", ,2
疾, ,",", ,2
裾, ,",", ,2
ひ,と,す,じ, ,",", ,2
尽, ,",", ,2
ぬ,く,も,り, ,",", ,2
茫,々, ,",", ,2
条, ,",", ,2
客,観, ,",", ,2
市,井, ,",", ,2
情,け, ,",", ,2
蕭,々, ,",", ,2
初,め, ,",", ,2
梢, ,",", ,2
じ,ゅ,し,ょ,う, ,",", ,2
軒,下, ,",", ,2
き,し, ,",", ,2
向,う,側, ,",", ,2
屈,托, ,",", ,2
く,っ,た,く, ,",", ,2
土,間, ,",", ,2
ク,ク,ク, ,",", ,2
敷,居, ,",", ,2
ち,ゃ, ,",", ,2
焚, ,",", ,2
ょ,う,ぎ,の, ,",", ,2
摶, ,",", ,2
雄, ,",", ,2
狗, ,",", ,2
い,ぬ, ,",", ,2
閑,静, ,",", ,2
線,香, ,",", ,2
宝,生, ,",", ,2
高,砂, ,",", ,2
か,さ,ご, ,",", ,2
箒, ,",", ,2
が,か,り, ,",", ,2
む,き, ,",", ,2
天,気, ,",", ,2
焦,茶, ,",", ,2
梅, ,",", ,2
棒, ,",", ,2
横,顔, ,",", ,2
夏, ,",", ,2
先,刻, ,",", ,2
颯, ,",", ,2
あ,ま,り, ,",", ,2
軒,端, ,",", ,2
き,ば, ,",", ,2
痕, ,",", ,2
御,蔭, ,",", ,2
お,か,げ, ,",", ,2
天,狗, ,",", ,2
4,7, ,",", ,2
6,9, ,",", ,2
蘆, ,",", ,2
雪, ,",", ,2
名,人, ,",", ,2
屏, ,",", ,2
翳, ,",", ,2
針, ,",", ,2
越, ,",", ,2
お,こ,し, ,",", ,2
泊, ,",", ,2
宿,屋, ,",", ,2
会,話, ,",", ,2
途, ,",", ,2
ペ,ー,ジ, ,",", ,2
は,じ, ,",", ,2
空,山, ,",", ,2
す,ず, ,",", ,2
最,前, ,",", ,2
む,ら, ,",", ,2
ち,の, ,",", ,2
白,頭, ,",", ,2
白,髪, ,",", ,2
幾,代, ,",", ,2
季, ,",", ,2
秋, ,",", ,2
叔,母, ,",", ,2
お,ば,さ,ん, ,",", ,2
息, ,",", ,2
塊, ,",", ,2
ま,り, ,",", ,2
島,田, ,",", ,2
花,嫁, ,",", ,2
当,時, ,",", ,2
高,島,田, ,",", ,2
図,面, ,",", ,2
道,具,立, ,",", ,2
棕,梠, ,",", ,2
寄, ,",", ,2
青,馬, ,",", ,2
懸,想, ,",", ,2
煩, ,",", ,2
古,雅, ,",", ,2
修,行, ,",", ,2
ど,っ,ち, ,",", ,2
先,方, ,",", ,2
望,み, ,",", ,2
親,類, ,",", ,2
銀,行, ,",", ,2
冒, ,",", ,2
飄,然, ,",", ,2
毛,孔, ,",", ,2
あ,か, ,",", ,2
晩,餐, ,",", ,2
へ,や, ,",", ,2
小,女, ,",", ,2
お,ん,な, ,",", ,2
取,次, ,",", ,2
給,仕, ,",", ,2
色,気, ,",", ,2
古,風, ,",", ,2
は,し,ご, ,",", ,2
廻, ,",", ,2
ち,ょ,う,し, ,",", ,2
い,た,事, ,",", ,2
夕, ,",", ,2
月,明, ,",", ,2
つ,き, ,",", ,2
草,山, ,",", ,2
ど,ん,ど, ,",", ,2
濤, ,",", ,2
威,嚇, ,",", ,2
そ,の,後, ,",", ,2
塗, ,",", ,2
が,く, ,",", ,2
文,字, ,",", ,2
払,階, ,",", ,2
ち,り, ,",", ,2
皆,無, ,",", ,2
黄,檗, ,",", ,2
ひ,も, ,",", ,2
あ,ん, ,",", ,2
面,白,味, ,",", ,2
若,冲, ,",", ,2
鶴, ,",", ,2
商,売, ,",", ,2
柄, ,",", ,2
逸,品, ,",", ,2
な,り, ,",", ,2
嘴, ,",", ,2
行,末, ,",", ,2
ゆ,く,え, ,",", ,2
冴, ,",", ,2
紛, ,",", ,2
文,句, ,",", ,2
秒, ,",", ,2
焦,慮, ,",", ,2
こ,ま, ,",", ,2
知,ら,ず, ,",", ,2
影,法,師, ,",", ,2
ぼ,う,し, ,",", ,2
浴,衣, ,",", ,2
ゆ,か,た, ,",", ,2
過,ぎ, ,",", ,2
け,し,か,ら,ん, ,",", ,2
煩,悶, ,",", ,2
は,ん,も,ん, ,",", ,2
ぐ, ,",", ,2
ゆ,う, ,",", ,2
世,上, ,",", ,2
幾,多, ,",", ,2
曾,遊, ,",", ,2
得,意, ,",", ,2
偽, ,",", ,2
ま,め, ,",", ,2
無,上, ,",", ,2
美,化, ,",", ,2
累, ,",", ,2
幽,霊, ,",", ,2
詩,趣, ,",", ,2
孤,村, ,",", ,2
春,宵, ,",", ,2
誦, ,",", ,2
理,窟, ,",", ,2
亜, ,",", ,2
危,険, ,",", ,2
か,け, ,",", ,2
発,表, ,",", ,2
方,便, ,",", ,2
俳,句, ,",", ,2
嬉, ,",", ,2
位, ,",", ,2
や,う, ,",", ,2
り,き, ,",", ,2
洗, ,",", ,2
独,り, ,",", ,2
恍,惚, ,",", ,2
こ,う,こ, ,",", ,2
形,容,詞, ,",", ,2
な,ん,び,と, ,",", ,2
外,界, ,",", ,2
域, ,",", ,2
瓶, ,",", ,2
攪, ,",", ,2
角,度, ,",", ,2
す,か, ,",", ,2
鈍, ,",", ,2
這, ,",", ,2
離, ,",", ,2
は,て, ,",", ,2
8,6, ,",", ,2
し,ょ,う,よ,う, ,",", ,2
断, ,",", ,2
ず,る, ,",", ,2
灯,影, ,",", ,2
く,ら, ,",", ,2
途,中, ,",", ,2
耳,元, ,",", ,2
春,日, ,",", ,2
丸, ,",", ,2
遑, ,",", ,2
容,貌, ,",", ,2
し,り,め, ,",", ,2
狼,狽, ,",", ,2
美,術,家, ,",", ,2
評, ,",", ,2
希, ,",", ,2
臘, ,",", ,2
ギ,リ,シ,ャ, ,",", ,2
余,韻, ,",", ,2
能,力, ,",", ,2
暁, ,",", ,2
あ,か,つ,き, ,",", ,2
施, ,",", ,2
陋, ,",", ,2
美,人, ,",", ,2
判,断, ,",", ,2
瓜, ,",", ,2
易, ,",", ,2
双,眼, ,",", ,2
静, ,",", ,2
大,地, ,",", ,2
往,昔, ,",", ,2
や,け, ,",", ,2
分,別, ,",", ,2
負, ,",", ,2
会,釈, ,",", ,2
ゅ,す, ,",", ,2
片,側, ,",", ,2
扱,帯, ,",", ,2
解,釈, ,",", ,2
上,部, ,",", ,2
良, ,",", ,2
釜, ,",", ,2
座,布,団, ,",", ,2
唐,木, ,",", ,2
書,体, ,",", ,2
胃, ,",", ,2
昨,夜, ,",", ,2
鑑,定, ,",", ,2
や,じ, ,",", ,2
か,か,と, ,",", ,2
酉, ,",", ,2
隹, ,",", ,2
れ,ん,が, ,",", ,2
4,4, ,",", ,2
生,垣, ,",", ,2
窮, ,",", ,2
方,角, ,",", ,2
層, ,",", ,2
楼, ,",", ,2
客,間, ,",", ,2
場,所, ,",", ,2
三,昧, ,",", ,2
ざ,ん,ま,い, ,",", ,2
冊, ,",", ,2
ら,く, ,",", ,2
き,ざ, ,",", ,2
海,老, ,",", ,2
下,女, ,",", ,2
サ,ラ,ド, ,",", ,2
か,た,わ,ら, ,",", ,2
発,達, ,",", ,2
年,寄, ,",", ,2
亡, ,",", ,2
弾, ,",", ,2
意,外, ,",", ,2
頬,杖, ,",", ,2
づ,え, ,",", ,2
瞳, ,",", ,2
广, ,",", ,2
寂,然, ,",", ,2
蝶, ,",", ,2
眉,間, ,",", ,2
t,h,e, ,",", ,2
o,n, ,",", ,2
m,y, ,",", ,2
I, ,",", ,2
銀,杏,返,し, ,",", ,2
境,遇, ,",", ,2
縄, ,",", ,2
迷,惑, ,",", ,2
肌,合, ,",", ,2
煉, ,",", ,2
快,感, ,",", ,2
美,事, ,",", ,2
ょ,う,か,へ, ,",", ,2
満,足, ,",", ,2
口,元, ,",", ,2
洒,落, ,",", ,2
軽,蔑, ,",", ,2
け,い,べ,つ, ,",", ,2
規,則, ,",", ,2
連,中, ,",", ,2
方,々, ,",", ,2
詰, ,",", ,2
つ,め, ,",", ,2
蟹, ,",", ,2
中,途, ,",", ,2
両,人, ,",", ,2
ふ,た,り, ,",", ,2
張,り, ,",", ,2
ま,ち, ,",", ,2
つ,や, ,",", ,2
髪,結,床, ,",", ,2
職,人, ,",", ,2
閑,橋, ,",", ,2
そ,い,つ, ,",", ,2
汲, ,",", ,2
な,だ,ら,か, ,",", ,2
挫, ,",", ,2
侮,辱, ,",", ,2
蟇, ,",", ,2
く,じ,ゅ, ,",", ,2
剥, ,",", ,2
小,人, ,",", ,2
罵,詈, ,",", ,2
面,前, ,",", ,2
置, ,",", ,2
釘, ,",", ,2
動,脈, ,",", ,2
顋, ,",", ,2
苦,情, ,",", ,2
生, ,",", ,2
仕,方, ,",", ,2
一,遍, ,",", ,2
猛,烈, ,",", ,2
黒,髪, ,",", ,2
毛, ,",", ,2
腫, ,",", ,2
み,そ, ,",", ,2
陽,気, ,",", ,2
や,つ, ,",", ,2
さ,け, ,",", ,2
納,所, ,",", ,2
し,っ,た, ,",", ,2
喰, ,",", ,2
洒,唖, ,",", ,2
笊, ,",", ,2
ざ,る, ,",", ,2
砂,川, ,",", ,2
暇, ,",", ,2
尋, ,",", ,2
網, ,",", ,2
円, ,",", ,2
8,5, ,",", ,2
5,4, ,",", ,2
偉,大, ,",", ,2
弄, ,",", ,2
体,躯, ,",", ,2
間,隔, ,",", ,2
8,9, ,",", ,2
一,部, ,",", ,2
昧,者, ,",", ,2
今,わ, ,",", ,2
背,景, ,",", ,2
象, ,",", ,2
法,衣, ,",", ,2
魚, ,",", ,2
感,心, ,",", ,2
小,僧, ,",", ,2
り,く, ,",", ,2
ば,い, ,",", ,2
ぷ,う, ,",", ,2
割,合, ,",", ,2
主,人, ,",", ,2
遥, ,",", ,2
今,頃, ,",", ,2
些, ,",", ,2
公,平, ,",", ,2
た,な,ご, ,",", ,2
噛, ,",", ,2
綱, ,",", ,2
ま,れ, ,",", ,2
樹,立, ,",", ,2
つ,り, ,",", ,2
無,限, ,",", ,2
む,げ,ん,の, ,",", ,2
麾, ,",", ,2
具,足, ,",", ,2
徒, ,",", ,2
生,甲,斐, ,",", ,2
め,い,り,ょ,う, ,",", ,2
1,4, ,",", ,2
4,3, ,",", ,2
回, ,",", ,2
分,明, ,",", ,2
み,ょ,う, ,",", ,2
窈,然, ,",", ,2
名,状, ,",", ,2
大,陸, ,",", ,2
(,「, ,",", ,2
洋, ,",", ,2
画,布, ,",", ,2
淋,漓, ,",", ,2
り,ん,り, ,",", ,2
製,作, ,",", ,2
物,色, ,",", ,2
す,じ, ,",", ,2
因, ,",", ,2
髣,髴, ,",", ,2
ほ,う,ふ,つ, ,",", ,2
共, ,",", ,2
対,象, ,",", ,2
り,っ,し,ん,べ,ん, ,",", ,2
堂, ,",", ,2
蕪,村, ,",", ,2
描,出, ,",", ,2
単,純, ,",", ,2
こ,れ,ら, ,",", ,2
大,家, ,",", ,2
複,雑, ,",", ,2
認,識, ,",", ,2
代,表, ,",", ,2
配,置, ,",", ,2
永,久, ,",", ,2
消,息, ,",", ,2
レ,ッ,シ,ン,グ, ,",", ,2
展,開, ,",", ,2
同,所, ,",", ,2
住, ,",", ,2
絵,画, ,",", ,2
説, ,",", ,2
諦, ,",", ,2
ご,た,え, ,",", ,2
芳, ,",", ,2
虫, ,",", ,2
一,刻, ,",", ,2
し,と,や,か, ,",", ,2
わ,き, ,",", ,2
暈, ,",", ,2
こ,こ,ち, ,",", ,2
よ,そ, ,",", ,2
異,様, ,",", ,2
訴, ,",", ,2
無,頓,着, ,",", ,2
燦, ,",", ,2
華, ,",", ,2
徘,徊, ,",", ,2
は,い,か,い, ,",", ,2
災, ,",", ,2
護, ,",", ,2
は,た, ,",", ,2
慈,悲, ,",", ,2
南,無,阿,弥,陀,仏, ,",", ,2
し,め,や,か, ,",", ,2
手,拭, ,",", ,2
四,つ, ,",", ,2
乳, ,",", ,2
し,ず,く, ,",", ,2
湯,気, ,",", ,2
隙,間, ,",", ,2
冷,や,か, ,",", ,2
浴, ,",", ,2
あ,み, ,",", ,2
抵,抗, ,",", ,2
キ,リ,ス,ト, ,",", ,2
不,審, ,",", ,2
草,花, ,",", ,2
衣,服, ,",", ,2
精,神, ,",", ,2
恐,縮, ,",", ,2
実, ,",", ,2
御,倉, ,",", ,2
お,く,ら, ,",", ,2
長,唄, ,",", ,2
ま,わ,り, ,",", ,2
頑,固, ,",", ,2
癖, ,",", ,2
時,代, ,",", ,2
聟, ,",", ,2
つ,ば,く,ろ, ,",", ,2
注, ,",", ,2
7,8, ,",", ,2
注,意, ,",", ,2
湯,煙, ,",", ,2
暖,か, ,",", ,2
礼,儀, ,",", ,2
脳,裏, ,",", ,2
露,骨, ,",", ,2
極,端, ,",", ,2
下,品, ,",", ,2
技,巧, ,",", ,2
服, ,",", ,2
十,分, ,",", ,2
弊, ,",", ,2
随,処, ,",", ,2
都,会, ,",", ,2
芸,妓, ,",", ,2
媚, ,",", ,2
発,揮, ,",", ,2
堕,在, ,",", ,2
勢,い, ,",", ,2
膝,頭, ,",", ,2
う,ね,り, ,",", ,2
平, ,",", ,2
う,の, ,",", ,2
申,し,分, ,",", ,2
嫦,娥, ,",", ,2
ょ,う,が,が, ,",", ,2
紫,檀, ,",", ,2
ペ,ル,シ,ャ, ,",", ,2
発,明, ,",", ,2
茶,托, ,",", ,2
坊,さ,ん, ,",", ,2
首,肯, ,",", ,2
気,分, ,",", ,2
要,領, ,",", ,2
左,様, ,",", ,2
南, ,",", ,2
べ,た, ,",", ,2
簡,単, ,",", ,2
糸,底, ,",", ,2
匠, ,",", ,2
い,た,ず,ら, ,",", ,2
穿, ,",", ,2
ろ,か, ,",", ,2
芹, ,",", ,2
ハ,ハ,ハ,ハ,ハ, ,",", ,2
5,6, ,",", ,2
大, ,",", ,2
絶,句, ,",", ,2
ぜ,っ,く, ,",", ,2
杏, ,",", ,2
3,9, ,",", ,2
活, ,",", ,2
錦, ,",", ,2
襴, ,",", ,2
論, ,",", ,2
う,ろ,こ, ,",", ,2
研, ,",", ,2
因,縁, ,",", ,2
し,ょ,う,は, ,",", ,2
機,嫌, ,",", ,2
表,面, ,",", ,2
一,滴, ,",", ,2
潤,沢, ,",", ,2
朶, ,",", ,2
距,離, ,",", ,2
吉,田, ,",", ,2
見,合, ,",", ,2
伯,父, ,",", ,2
お,じ,さ,ん, ,",", ,2
山,越, ,",", ,2
位,置, ,",", ,2
志,願, ,",", ,2
野, ,",", ,2
鼓,動, ,",", ,2
半,襟, ,",", ,2
対,照, ,",", ,2
試,験, ,",", ,2
い,い,加,減, ,",", ,2
眸, ,",", ,2
英,語, ,",", ,2
一,興, ,",", ,2
な,さ,け, ,",", ,2
代, ,",", ,2
と,ん,ぼ, ,",", ,2
か,し,こ, ,",", ,2
泡, ,",", ,2
あ,わ, ,",", ,2
略, ,",", ,2
一,夜, ,",", ,2
い,く,よ, ,",", ,2
不,可,思,議, ,",", ,2
千,万,無,量, ,",", ,2
動,詞, ,",", ,2
沢,山, ,",", ,2
地,震, ,",", ,2
互, ,",", ,2
雉,子, ,",", ,2
屹, ,",", ,2
こ,い,つ, ,",", ,2
隙, ,",", ,2
動,き, ,",", ,2
木,の,間, ,",", ,2
菫, ,",", ,2
茵, ,",", ,2
し,ゃ,も, ,",", ,2
徳, ,",", ,2
宛, ,",", ,2
観,想, ,",", ,2
敷,島, ,",", ,2
水,草, ,",", ,2
誘, ,",", ,2
朝,な,夕,な, ,",", ,2
待,ち, ,",", ,2
茎, ,",", ,2
つ,ま, ,",", ,2
連,想, ,",", ,2
派,出, ,",", ,2
萎, ,",", ,2
げ,っ,か, ,",", ,2
嫉, ,",", ,2
7,6, ,",", ,2
憎,悪, ,",", ,2
咄,嗟, ,",", ,2
成,就, ,",", ,2
一,返, ,",", ,2
虚,無,僧, ,",", ,2
庄,屋, ,",", ,2
継,目, ,",", ,2
蛇, ,",", ,2
夕,日, ,",", ,2
か,に, ,",", ,2
し,な,や,か, ,",", ,2
ぎ,か,ぞ,う, ,",", ,2
用,事, ,",", ,2
覚, ,",", ,2
責,任, ,",", ,2
禅,僧, ,",", ,2
高,尚, ,",", ,2
正,当, ,",", ,2
随, ,",", ,2
瓦, ,",", ,2
廂, ,",", ,2
ひ,さ,し, ,",", ,2
踊,り, ,",", ,2
記, ,",", ,2
魄, ,",", ,2
一,輪, ,",", ,2
避, ,",", ,2
た,み,の, ,",", ,2
吠, ,",", ,2
鉄,瓶, ,",", ,2
眼,鏡, ,",", ,2
め,が,ね, ,",", ,2
ょ,う,う,ね,え,え,ん, ,",", ,2
漁,火, ,",", ,2
衛,生, ,",", ,2
名,画, ,",", ,2
嗜,好, ,",", ,2
し,こ,う, ,",", ,2
英,国, ,",", ,2
仏,蘭,西, ,",", ,2
フ,ラ,ン,ス, ,",", ,2
閃, ,",", ,2
白,鞘, ,",", ,2
さ,や, ,",", ,2
尋,常, ,",", ,2
公,民, ,",", ,2
胸,中, ,",", ,2
比,較, ,",", ,2
他, ,",", ,2
藤,村, ,",", ,2
専,門, ,",", ,2
一,員, ,",", ,2
正, ,",", ,2
直, ,",", ,2
じ,ゃ,り, ,",", ,2
茶,色, ,",", ,2
脛, ,",", ,2
出,鼻, ,",", ,2
架, ,",", ,2
穂, ,",", ,2
中,折, ,",", ,2
唯,々, ,",", ,2
無,遠,慮, ,",", ,2
無,言, ,",", ,2
蒸, ,",", ,2
納,屋, ,",", ,2
招,伴, ,",", ,2
軍, ,",", ,2
い,く,さ, ,",", ,2
国,家, ,",", ,2
太,公,望, ,",", ,2
否,応, ,",", ,2
あ,ひ,る, ,",", ,2
べ,り, ,",", ,2
弓, ,",", ,2
叩, ,",", ,2
現,今, ,",", ,2
擅, ,",", ,2
日,夜, ,",", ,2
檻, ,",", ,2
現,代, ,",", ,2
餅, ,",", ,2
布, ,",", ,2
胃,袋, ,",", ,2
ベ,ル, ,",", ,2
長,蛇, ,",", ,2
等, ,",", ,2
草,枕, ,",", ,1
夏,目, ,",", ,1
漱,石, ,",", ,1
+, ,",", ,1
目,次, ,",", ,1
智, ,",", ,1
棹, ,",", ,1
意,地, ,",", ,1
通, ,",", ,1
高, ,",", ,1
ょ,う,ど,な,り,に,ち,ら,ち,ら,す,る,た,だ,の, ,",", ,1
寛,容, ,",", ,1
束, ,",", ,1
つ,か,の,間, ,",", ,1
束,の,間, ,",", ,1
天,職, ,",", ,1
使,命, ,",", ,1
こ,ま,か, ,",", ,1
着,想, ,",", ,1
膠, ,",", ,1
2,2, ,",", ,1
鏘, ,",", ,1
丹,青, ,",", ,1
塗,抹, ,",", ,1
五,彩, ,",", ,1
絢,爛, ,",", ,1
け,ん,ら,ん, ,",", ,1
心,眼, ,",", ,1
澆,季, ,",", ,1
溷,濁, ,",", ,1
無,声, ,",", ,1
無,色, ,",", ,1
ょ,く, ,",", ,1
せ,っ,け,ん, ,",", ,1
清,浄, ,",", ,1
ょ,う,じ,ょ,う,か,い,に, ,",", ,1
出,入, ,",", ,1
ゅ,つ,に,ゅ,う,し, ,",", ,1
不,同, ,",", ,1
我,利, ,",", ,1
私,慾, ,",", ,1
よ,く, ,",", ,1
覊,絆, ,",", ,1
掃,蕩, ,",", ,1
万,乗, ,",", ,1
寵,児, ,",", ,1
明,暗, ,",", ,1
表,裏, ,",", ,1
ょ,う,り,の,ご,と,く, ,",", ,1
殖, ,",", ,1
閣,僚, ,",", ,1
存,分, ,",", ,1
漂,流, ,",", ,1
右,足, ,",", ,1
わ,り, ,",", ,1
左,足, ,",", ,1
そ,く,が, ,",", ,1
う,め, ,",", ,1
バ,ケ,ツ, ,",", ,1
根,元, ,",", ,1
だ,き, ,",", ,1
禿,山, ,",", ,1
は,げ, ,",", ,1
ぐ,ん,を,ぬ,き,ん,で,て, ,",", ,1
側,面, ,",", ,1
斧, ,",", ,1
天,辺, ,",", ,1
て,っ,ぺ,ん, ,",", ,1
行,く,手, ,",", ,1
手,間, ,",", ,1
中,心, ,",", ,1
窪, ,",", ,1
頂,点, ,",", ,1
川,底, ,",", ,1
渉, ,",", ,1
幾,里, ,",", ,1
揚,句, ,",", ,1
按,摩, ,",", ,1
あ,ん,ま, ,",", ,1
真,逆,様, ,",", ,1
黄,金, ,",", ,1
こ,が,ね, ,",", ,1
借,金, ,",", ,1
居,所, ,",", ,1
W,e, ,",", ,1
b,e,f,o,r,e, ,",", ,1
a,n,d, ,",", ,1
a,f,t,e,r, ,",", ,1
A,n,d, ,",", ,1
p,i,n,e, ,",", ,1
f,o,r, ,",", ,1
w,h,a,t, ,",", ,1
n,o,t, ,",", ,1
:, ,",", ,1
s,i,n,c,e,r,e,s,t, ,",", ,1
l,a,u,g,h,t,e,r, ,",", ,1
s,o,m,e, ,",", ,1
p,a,i,n, ,",", ,1
f,r,a,u,g,h,t, ,",", ,1
;, ,",", ,1
s,w,e,e,t,e,s,t, ,",", ,1
s,o,n,g,s, ,",", ,1
a,r,e, ,",", ,1
t,h,o,s,e, ,",", ,1
t,h,a,t, ,",", ,1
t,e,l,l, ,",", ,1
s,a,d,d,e,s,t, ,",", ,1
t,h,o,u,g,h,t, ,",", ,1
物,欲, ,",", ,1
極,み, ,",", ,1
一,心,不,乱, ,",", ,1
愁, ,",", ,1
素,人, ,",", ,1
し,ろ,う,と, ,",", ,1
苦,労,性, ,",", ,1
凡,骨, ,",", ,1
神,経, ,",", ,1
超,俗, ,",", ,1
無,量, ,",", ,1
悲, ,",", ,1
か,な,し,み, ,",", ,1
考,え,物, ,",", ,1
た,ん,ぽ,ぽ, ,",", ,1
の,こ,ぎ,り, ,",", ,1
擁,護, ,",", ,1
鎮,座, ,",", ,1
ち,ん, ,",", ,1
考,え, ,",", ,1
つ,き,も,の, ,",", ,1
臥, ,",", ,1
旨, ,",", ,1
ぷ,く,の, ,",", ,1
開,拓, ,",", ,1
鉄,道, ,",", ,1
儲, ,",", ,1
も,う,け, ,",", ,1
月,給, ,",", ,1
補,い, ,",", ,1
苦,労, ,",", ,1
伴, ,",", ,1
性,情, ,",", ,1
陶,冶, ,",", ,1
と,う,や, ,",", ,1
醇,乎, ,",", ,1
醇, ,",", ,1
む,る,の,は, ,",", ,1
孝, ,",", ,1
忠,君, ,",", ,1
愛,国, ,",", ,1
局, ,",", ,1
旋,風, ,",", ,1
つ,む,じ, ,",", ,1
第,三,者, ,",", ,1
取,柄, ,",", ,1
慾, ,",", ,1
通,し, ,",", ,1
じ,ん,か,い, ,",", ,1
傑,作, ,",", ,1
理,非, ,",", ,1
特,色, ,",", ,1
正,義, ,",", ,1
勧,工,場, ,",", ,1
か,ん,こ,う, ,",", ,1
嘆,息, ,",", ,1
東,洋, ,",", ,1
採,菊, ,",", ,1
き,く, ,",", ,1
東,籬, ,",", ,1
ぎ,り, ,",", ,1
親,友, ,",", ,1
奉,職, ,",", ,1
ゅ,っ,せ,け,ん,て,き,に, ,",", ,1
損,得, ,",", ,1
弾,琴, ,",", ,1
復, ,",", ,1
長,嘯, ,",", ,1
ち,ょ,う,し,ょ,う, ,",", ,1
深,林, ,",", ,1
不,知, ,",", ,1
明,月, ,",", ,1
め,い,げ,つ, ,",", ,1
不,如,帰, ,",", ,1
ほ,と,と,ぎ,す, ,",", ,1
金,色, ,",", ,1
夜,叉, ,",", ,1
汽,船, ,",", ,1
道,徳, ,",", ,1
睡,眠, ,",", ,1
扁,舟, ,",", ,1
泛, ,",", ,1
職,業, ,",", ,1
布,教, ,",", ,1
ふ,き, ,",", ,1
ょ,う,し,て, ,",", ,1
演,芸, ,",", ,1
舞,踏, ,",", ,1
薬, ,",", ,1
フ,ァ,ウ,ス,ト, ,",", ,1
ハ,ム,レ,ッ,ト, ,",", ,1
直,接, ,",", ,1
吸,収, ,",", ,1
ょ,う,よ,う,し,た,い,か,ら,の, ,",", ,1
願, ,",", ,1
し,だ, ,",", ,1
年,中, ,",", ,1
菊, ,",", ,1
花,屋, ,",", ,1
八,百,屋, ,",", ,1
や,お,や, ,",", ,1
野,宿, ,",", ,1
冠, ,",", ,1
姉, ,",", ,1
海,面, ,",", ,1
レ,オ,ナ,ル,ド,・,ダ,・,ヴ,ィ,ン,チ, ,",", ,1
見,立,て, ,",", ,1
小,路, ,",", ,1
騎, ,",", ,1
田,川, ,",", ,1
保,証, ,",", ,1
我,ら, ,",", ,1
あ,り,が,た,味, ,",", ,1
仕,組, ,",", ,1
能,役,者, ,",", ,1
節,倹, ,",", ,1
漕, ,",", ,1
芭,蕉, ,",", ,1
発,句, ,",", ,1
百,姓, ,",", ,1
村,役,場, ,",", ,1
書,記, ,",", ,1
じ,い,さ,ん, ,",", ,1
ば,あ,さ,ん, ,",", ,1
点,景, ,",", ,1
も,っ,と,も, ,",", ,1
心,理, ,",", ,1
作,用, ,",", ,1
詮,議, ,",", ,1
立,方, ,",", ,1
交,渉, ,",", ,1
見,物, ,",", ,1
つ,ま,り, ,",", ,1
あ,ち,ら, ,",", ,1
換, ,",", ,1
全,力, ,",", ,1
方,面, ,",", ,1
余,念, ,",", ,1
靠,垂, ,",", ,1
罩, ,",", ,1
雨,具, ,",", ,1
用,意, ,",", ,1
茶,屋, ,",", ,1
影,画, ,",", ,1
糠, ,",", ,1
粒, ,",", ,1
羽,織, ,",", ,1
濡,れ, ,",", ,1
肌,着, ,",", ,1
温,度, ,",", ,1
暖, ,",", ,1
薄,墨, ,",", ,1
い,く,じ, ,",", ,1
箭, ,",", ,1
ひ,た,ぶ,る, ,",", ,1
疲,れ, ,",", ,1
豎,子, ,",", ,1
ゅ,し, ,",", ,1
雲,煙, ,",", ,1
飛, ,",", ,1
落,花, ,",", ,1
啼,鳥, ,",", ,1
ら,っ,か, ,",", ,1
て,い,ち,ょ,う, ,",", ,1
春,山, ,",", ,1
甲, ,",", ,1
終,り, ,",", ,1
満,目, ,",", ,1
孤,客, ,",", ,1
庇, ,",", ,1
三,つ, ,",", ,1
文,久, ,",", ,1
真,黒, ,",", ,1
幸,い, ,",", ,1
無,断, ,",", ,1
雌, ,",", ,1
狐, ,",", ,1
升, ,",", ,1
枡, ,",", ,1
ょ,う,ま,す,ほ,ど,な, ,",", ,1
と,ぐ,ろ, ,",", ,1
燻, ,",", ,1
見,世, ,",", ,1
活,人,画, ,",", ,1
ほ,う,き, ,",", ,1
橋,懸, ,",", ,1
燃, ,",", ,1
し,っ,し, ,",", ,1
三,輪, ,",", ,1
雑,作, ,",", ,1
む,ぞ,う,さ, ,",", ,1
胡,麻, ,",", ,1
ご,ま, ,",", ,1
ね,じ, ,",", ,1
袖,無, ,",", ,1
襷, ,",", ,1
た,す,き, ,",", ,1
ざ,と,で, ,",", ,1
此,辺, ,",", ,1
び,さ,し,に,か,ら,ん,で,い,る, ,",", ,1
て,ん,ぐ, ,",", ,1
見,え, ,",", ,1
し,ゅ,ん,じ,ゅ,ん, ,",", ,1
勝,ち, ,",", ,1
山,嵐, ,",", ,1
前,山, ,",", ,1
晴,れ, ,",", ,1
嫗, ,",", ,1
贊, ,",", ,1
8, ,",", ,1
7,2, ,",", ,1
度,目, ,",", ,1
半,々, ,",", ,1
比, ,",", ,1
媼, ,",", ,1
ば,ば, ,",", ,1
山,姥, ,",", ,1
う,ば, ,",", ,1
紅,葉, ,",", ,1
も,み,じ, ,",", ,1
老,女, ,",", ,1
作,者, ,",", ,1
無,し, ,",", ,1
手,持,無,沙,汰, ,",", ,1
ぶ,さ,た, ,",", ,1
丈,夫, ,",", ,1
訊, ,",", ,1
苧, ,",", ,1
団,子, ,",", ,1
お,だ, ,",", ,1
粉, ,",", ,1
石,臼, ,",", ,1
挽, ,",", ,1
頓, ,",", ,1
締,め,切,り, ,",", ,1
以,前, ,",", ,1
帳,面, ,",", ,1
拍,子, ,",", ,1
惟,然, ,",", ,1
い,ね, ,",", ,1
更, ,",", ,1
一,路, ,",", ,1
ざ,ん,い,ち,ろ,の, ,",", ,1
響, ,",", ,1
鈴,鹿, ,",", ,1
ゃ,ら,ん,じ,ゃ,ら,ん,も,こ,と,ご,と,く,こ,の, ,",", ,1
腹,の,中, ,",", ,1
寂,寞, ,",", ,1
ゃ,く,ま,く,と, ,",", ,1
小,村, ,",", ,1
幾,年, ,",", ,1
し,ら,が, ,",", ,1
染,め, ,",", ,1
暮, ,",", ,1
終, ,",", ,1
題, ,",", ,1
店,先, ,",", ,1
買,物, ,",", ,1
鍛,冶, ,",", ,1
じ,ち,ょ,う, ,",", ,1
厳, ,",", ,1
御,札, ,",", ,1
あ,き, ,",", ,1
鬣, ,",", ,1
た,て,が,み, ,",", ,1
上,下, ,",", ,1
う,え, ,",", ,1
コ,ー,ラ,ッ, ,",", ,1
め,い,そ,う, ,",", ,1
わ,た,し,ゃ, ,",", ,1
嫁,入,り, ,",", ,1
た,か,し, ,",", ,1
斑, ,",", ,1
思,案, ,",", ,1
面,影, ,",", ,1
忽,然, ,",", ,1
衣,装, ,",", ,1
合,掌, ,",", ,1
ゅ,ろ,ぼ,う,き,で, ,",", ,1
曳, ,",", ,1
彗,星, ,",", ,1
降,り, ,",", ,1
嫁,さ,ん, ,",", ,1
御,輿, ,",", ,1
づ,な, ,",", ,1
牽, ,",", ,1
月,日, ,",", ,1
今,年, ,",", ,1
喞, ,",", ,1
部, ,",", ,1
流, ,",", ,1
仙, ,",", ,1
ハ,ハ,ハ, ,",", ,1
真,面,目, ,",", ,1
ま,じ,め, ,",", ,1
成,り,行,き, ,",", ,1
何,者, ,",", ,1
長,者, ,",", ,1
ど,ち,ら, ,",", ,1
東, ,",", ,1
道,端, ,",", ,1
墓, ,",", ,1
随,一, ,",", ,1
持,ち, ,",", ,1
理,由, ,",", ,1
親, ,",", ,1
薄,情, ,",", ,1
内,気, ,",", ,1
趣,向, ,",", ,1
ゅ,こ,う,が, ,",", ,1
仙,人, ,",", ,1
羽,衣, ,",", ,1
ご,ろ, ,",", ,1
険, ,",", ,1
込, ,",", ,1
銀,貨, ,",", ,1
く,だ,り, ,",", ,1
近,道, ,",", ,1
多,分, ,",", ,1
茶,代, ,",", ,1
ぐ,あ,い, ,",", ,1
作,り,方, ,",", ,1
廻,廊, ,",", ,1
延, ,",", ,1
晩,食, ,",", ,1
梯,子,段, ,",", ,1
カ,ン,ヴ,ァ,ス, ,",", ,1
休,み, ,",", ,1
経,験, ,",", ,1
房,州, ,",", ,1
館,山, ,",", ,1
上,総, ,",", ,1
銚,子, ,",", ,1
伝,い, ,",", ,1
土,地, ,",", ,1
中,二,階, ,",", ,1
ゅ,う,に,か,い,へ, ,",", ,1
さ,し, ,",", ,1
叢, ,",", ,1
修, ,",", ,1
椽,板, ,",", ,1
朽, ,",", ,1
来,年, ,",", ,1
娑, ,",", ,1
さ,つ,い, ,",", ,1
塀, ,",", ,1
い,も, ,",", ,1
海,原, ,",", ,1
う,な,ば,ら, ,",", ,1
一,睡, ,",", ,1
怪,し,気, ,",", ,1
辛, ,",", ,1
防, ,",", ,1
草,双,紙, ,",", ,1
欄,間, ,",", ,1
ゅ,ぬ,り,の, ,",", ,1
落,款, ,",", ,1
ら,っ,か,ん, ,",", ,1
書, ,",", ,1
筆,致, ,",", ,1
隠,元, ,",", ,1
庵, ,",", ,1
そ,れ,ぞ,れ, ,",", ,1
勁, ,",", ,1
雅,馴, ,",", ,1
運,び, ,",", ,1
別,人, ,",", ,1
昨,今, ,",", ,1
ょ,う,ば,い,が,ら,だ,け,に, ,",", ,1
精,緻, ,",", ,1
せ,い,ち, ,",", ,1
兼, ,",", ,1
卵, ,",", ,1
胴, ,",", ,1
乗, ,",", ,1
飄,逸, ,",", ,1
ひ,ょ,う,い,つ, ,",", ,1
違,い,棚, ,",", ,1
河, ,",", ,1
向,島, ,",", ,1
雅,俗, ,",", ,1
混,淆, ,",", ,1
こ,ん,こ,う, ,",", ,1
宋, ,",", ,1
慧, ,",", ,1
悟,道, ,",", ,1
文,芸, ,",", ,1
寝,返,り, ,",", ,1
一,縷, ,",", ,1
搏, ,",", ,1
夫, ,",", ,1
灯,火, ,",", ,1
萃, ,",", ,1
調,べ, ,",", ,1
慕, ,",", ,1
鼓,膜, ,",", ,1
寝,巻, ,",", ,1
借,着, ,",", ,1
帰,参, ,",", ,1
一,時, ,",", ,1
此,家, ,",", ,1
不,穏,当, ,",", ,1
懐,中,時,計, ,",", ,1
忠,告, ,",", ,1
単,独, ,",", ,1
溢, ,",", ,1
文,学, ,",", ,1
製,造, ,",", ,1
ょ,う,に,ん,は,こ,れ,を, ,",", ,1
烏,有, ,",", ,1
歓,喜, ,",", ,1
日,常, ,",", ,1
喋,々, ,",", ,1
ち,ょ,う,ち,ょ, ,",", ,1
し,た,り,顔, ,",", ,1
常,識, ,",", ,1
磨,滅, ,",", ,1
衆, ,",", ,1
し,ゅ,う,ぞ,く, ,",", ,1
無,数, ,",", ,1
琳,琅, ,",", ,1
む,じ,ょ,う,の, ,",", ,1
宝, ,",", ,1
2,9, ,",", ,1
び,か, ,",", ,1
燦,爛, ,",", ,1
炳,乎, ,",", ,1
実,在, ,",", ,1
乱, ,",", ,1
墜, ,",", ,1
牢, ,",", ,1
た,き, ,",", ,1
栄,辱, ,",", ,1
得,喪, ,",", ,1
ょ,く,と,く,そ,う,の,わ,れ,に, ,",", ,1
念,々, ,",", ,1
応,挙, ,",", ,1
饒, ,",", ,1
こ,う,だ,い, ,",", ,1
詮, ,",", ,1
ぐ,り, ,",", ,1
標,榜, ,",", ,1
ひ,ょ,う,ぼ,う, ,",", ,1
吹,聴, ,",", ,1
ふ,い,ち,ょ,う, ,",", ,1
以,太, ,",", ,1
イ,タ,リ,ア, ,",", ,1
サ,ル,ヴ,ァ,ト,ル,・,ロ,ザ, ,",", ,1
泥,棒, ,",", ,1
一,心, ,",", ,1
賭, ,",", ,1
山,賊, ,",", ,1
画,帖, ,",", ,1
検,査, ,",", ,1
屍,骸, ,",", ,1
解,剖, ,",", ,1
病,状, ,",", ,1
手,近, ,",", ,1
ぢ, ,",", ,1
詩,形, ,",", ,1
厠, ,",", ,1
安,直, ,",", ,1
侮,蔑, ,",", ,1
ぶ,べ,つ, ,",", ,1
尊,重, ,",", ,1
遊,離, ,",", ,1
実,行, ,",", ,1
夜,具, ,",", ,1
事,件, ,",", ,1
散,漫, ,",", ,1
さ,ん,ま, ,",", ,1
念,入,り, ,",", ,1
真,先, ,",", ,1
狂,句, ,",", ,1
夜,半, ,",", ,1
か,ざ,し, ,",", ,1
こ,よ, ,",", ,1
精, ,",", ,1
月,夜, ,",", ,1
つ,て, ,",", ,1
熟,睡, ,",", ,1
縷, ,",", ,1
幻, ,",", ,1
生,気, ,",", ,1
彩,管, ,",", ,1
雑, ,",", ,1
睡,魔, ,",", ,1
妖,腕, ,",", ,1
実,相, ,",", ,1
和, ,",", ,1
微,か, ,",", ,1
個,体, ,",", ,1
氤, ,",", ,1
气, ,",", ,1
慍, ,",", ,1
4,8, ,",", ,1
四,肢, ,",", ,1
恋,々, ,",", ,1
寤,寐, ,",", ,1
驚,き, ,",", ,1
恐,れ, ,",", ,1
瞼, ,",", ,1
ま,ぶ,た, ,",", ,1
こ,と,わ,り, ,",", ,1
仙,女, ,",", ,1
ま,な,こ, ,",", ,1
襟,足, ,",", ,1
暗,闇, ,",", ,1
や,み, ,",", ,1
笑,い,声, ,",", ,1
幕, ,",", ,1
る,び, ,",", ,1
格,子, ,",", ,1
ご,う,し, ,",", ,1
神,秘, ,",", ,1
十,万,億,土, ,",", ,1
ゅ,う,ま,ん,お,く,ど,へ, ,",", ,1
ふ,ろ, ,",", ,1
拭, ,",", ,1
儀, ,",", ,1
ぎ,だ, ,",", ,1
予,期, ,",", ,1
出,合,頭, ,",", ,1
御,召, ,",", ,1
主,人,公, ,",", ,1
描,写, ,",", ,1
相,場, ,",", ,1
佳,人, ,",", ,1
品,評, ,",", ,1
ひ,ん,ぴ,ょ,う, ,",", ,1
使,用, ,",", ,1
列,挙, ,",", ,1
大,蔵,経, ,",", ,1
多,量, ,",", ,1
後,目, ,",", ,1
驚,愕, ,",", ,1
き,ょ,う,が,く, ,",", ,1
ろ,う,ば,い, ,",", ,1
叙, ,",", ,1
用,語, ,",", ,1
し,ゅ,く, ,",", ,1
風,雲, ,",", ,1
う,ん,か, ,",", ,1
雷,霆, ,",", ,1
含,蓄, ,",", ,1
ひ,ゃ,く, ,",", ,1
尊,厳, ,",", ,1
威,儀, ,",", ,1
裏,面, ,",", ,1
伏,在, ,",", ,1
特,殊, ,",", ,1
7,4, ,",", ,1
す,い,の, ,",", ,1
運,慶, ,",", ,1
仁,王, ,",", ,1
北,斎, ,",", ,1
漫,画, ,",", ,1
ま,ん,が, ,",", ,1
失,敗, ,",", ,1
範,疇, ,",", ,1
ゅ,う,の,い,ず,れ,に,か, ,",", ,1
一,文,字, ,",", ,1
静,し,ず, ,",", ,1
五,分, ,",", ,1
膨, ,",", ,1
ざ,ね,が,た,で, ,",", ,1
落,ち,つ,き, ,",", ,1
富,士,額, ,",", ,1
び,た,い,の, ,",", ,1
俗,臭, ,",", ,1
中,間, ,",", ,1
薄,荷, ,",", ,1
は,っ,か, ,",", ,1
遅,鈍, ,",", ,1
別,れ,別,れ, ,",", ,1
一,癖, ,",", ,1
く,せ, ,",", ,1
乱,調, ,",", ,1
元,来, ,",", ,1
軽,侮, ,",", ,1
い,ぶ, ,",", ,1
慎, ,",", ,1
才, ,",", ,1
男,子, ,",", ,1
物,の,数, ,",", ,1
温,和, ,",", ,1
一,致, ,",", ,1
さ,と,り, ,",", ,1
迷, ,",", ,1
喧,嘩, ,",", ,1
け,ん,か, ,",", ,1
同,居, ,",", ,1
仕,合, ,",", ,1
い,ず,れ, ,",", ,1
気,が,か,り, ,",", ,1
用,箪,笥, ,",", ,1
友,禅, ,",", ,1
衣,類, ,",", ,1
衣,裳, ,",", ,1
伊,勢,物,語, ,",", ,1
も,の,が,た,り, ,",", ,1
ざ,ぶ,と,ん,の, ,",", ,1
挟, ,",", ,1
夢,中, ,",", ,1
烏, ,",", ,1
吃,驚, ,",", ,1
び,っ,く,り, ,",", ,1
御,曹,子, ,",", ,1
ざ,う,し, ,",", ,1
添,削, ,",", ,1
飛,石, ,",", ,1
び,い,し,を, ,",", ,1
茂,み, ,",", ,1
大,竹, ,",", ,1
隆, ,",", ,1
摩,耶, ,",", ,1
島, ,",", ,1
麓, ,",", ,1
ふ,も,と, ,",", ,1
岨, ,",", ,1
前,面, ,",", ,1
後,ろ, ,",", ,1
平,屋, ,",", ,1
楷,子, ,",", ,1
枸,杞, ,",", ,1
人,声, ,",", ,1
南,下, ,",", ,1
み,な,み, ,",", ,1
催, ,",", ,1
入,湯, ,",", ,1
ゅ,う,と,う,と, ,",", ,1
居,室, ,",", ,1
台,所, ,",", ,1
雨,戸, ,",", ,1
戸,締,り, ,",", ,1
解,ら,ん, ,",", ,1
屈,強, ,",", ,1
空,腹, ,",", ,1
倹,約, ,",", ,1
俳, ,",", ,1
野,暮, ,",", ,1
や,ぼ, ,",", ,1
書,籍, ,",", ,1
煦, ,",", ,1
わ,に, ,",", ,1
至, ,",", ,1
外,道, ,",", ,1
堕, ,",", ,1
植,物, ,",", ,1
週,間, ,",", ,1
誰,か, ,",", ,1
ょ,ろ,う,で,あ,る, ,",", ,1
朝,食, ,",", ,1
言,訳, ,",", ,1
焼,肴, ,",", ,1
早,蕨, ,",", ,1
わ,ら,び, ,",", ,1
紅,白, ,",", ,1
え,び, ,",", ,1
逸,事, ,",", ,1
蕨, ,",", ,1
食,物, ,",", ,1
大,根, ,",", ,1
滋,養, ,",", ,1
料,理, ,",", ,1
献,立, ,",", ,1
吸,物, ,",", ,1
口,取, ,",", ,1
刺,身, ,",", ,1
し,み, ,",", ,1
ぎ,れ,い,に, ,",", ,1
会,席, ,",", ,1
保,養, ,",", ,1
御,茶,屋, ,",", ,1
質,問, ,",", ,1
奥,さ,ん, ,",", ,1
針,仕,事, ,",", ,1
ゃ,み,を, ,",", ,1
御,寺, ,",", ,1
ょ,ろ,う,が, ,",", ,1
寺,詣, ,",", ,1
所,持, ,",", ,1
栽,込, ,",", ,1
開,化, ,",", ,1
楊,柳, ,",", ,1
観,音, ,",", ,1
俯,向, ,",", ,1
働,き, ,",", ,1
相,好, ,",", ,1
う,に, ,",", ,1
眸,子, ,",", ,1
焉, ,",", ,1
溲, ,",", ,1
欄, ,",", ,1
蝶,々, ,",", ,1
毒,矢, ,",", ,1
S,a,d,d,e,r, ,",", ,1
t,h,a,n, ,",", ,1
m,o,o,n, ,",", ,1
', ,",", ,1
s, ,",", ,1
l,o,s,t, ,",", ,1
l,i,g,h,t, ,",", ,1
L,o,s,t, ,",", ,1
e,r,e, ,",", ,1
k,i,n,d,l,i,n,g, ,",", ,1
d,a,w,n, ,",", ,1
T,o, ,",", ,1
t,r,a,v,e,l,l,e,r,s, ,",", ,1
j,o,u,r,n,e,y,i,n,g, ,",", ,1
T,h,e, ,",", ,1
s,h,u,t,t,i,n,g, ,",", ,1
t,h,y, ,",", ,1
f,a,i,r, ,",", ,1
f,a,c,e, ,",", ,1
f,r,o,m, ,",", ,1
s,i,g,h,t, ,",", ,1
矢,先, ,",", ,1
一,瞥, ,",", ,1
い,ち,べ,つ, ,",", ,1
別,れ, ,",", ,1
惜, ,",", ,1
M,i,g,h,t, ,",", ,1
t,h,e,e, ,",", ,1
i,n, ,",", ,1
d,e,a,t,h, ,",", ,1
b,l,i,s,s, ,",", ,1
w,o,u,l,d, ,",", ,1
y,i,e,l,d, ,",", ,1
b,r,e,a,t,h, ,",", ,1
間,柄, ,",", ,1
適,用, ,",", ,1
身,の,上, ,",", ,1
一,部,分, ,",", ,1
野,辺, ,",", ,1
つ,ゆ, ,",", ,1
井,戸, ,",", ,1
臆, ,",", ,1
丹,前, ,",", ,1
き,さ,く, ,",", ,1
両,手, ,",", ,1
緻,密, ,",", ,1
ち,み,つ, ,",", ,1
青, ,",", ,1
蝋,石, ,",", ,1
雑,種, ,",", ,1
ク,リ,ー,ム, ,",", ,1
ジ,ェ,リ, ,",", ,1
宝,石, ,",", ,1
顫, ,",", ,1
重,味, ,",", ,1
白,砂, ,",", ,1
糖, ,",", ,1
牛,乳, ,",", ,1
五,重,の,塔, ,",", ,1
言,語,道,断, ,",", ,1
沙,汰, ,",", ,1
み,ご,と, ,",", ,1
遜,色, ,",", ,1
そ,ん,し,ょ,く, ,",", ,1
価, ,",", ,1
あ,た,い, ,",", ,1
智,慧, ,",", ,1
骨,董, ,",", ,1
こ,っ,と,う, ,",", ,1
縄,張, ,",", ,1
自,尊, ,",", ,1
き,ゅ,う,じ,ょ, ,",", ,1
煩,瑣, ,",", ,1
は,ん,さ, ,",", ,1
麻,布, ,",", ,1
ざ,ぶ, ,",", ,1
聯,隊, ,",", ,1
商,人, ,",", ,1
器,械, ,",", ,1
利,休, ,",", ,1
以,後, ,",", ,1
鵜, ,",", ,1
う,の,み, ,",", ,1
年,寄,り, ,",", ,1
渡,り, ,",", ,1
引,越, ,",", ,1
使,い, ,",", ,1
移,り, ,",", ,1
対,話, ,",", ,1
奉,公, ,",", ,1
遍, ,",", ,1
諳,誦, ,",", ,1
男,妾, ,",", ,1
当,り,前, ,",", ,1
高,音, ,",", ,1
た,か,ね, ,",", ,1
さ,か,し,ま, ,",", ,1
ー,ー, ,",", ,1
本,当, ,",", ,1
失,礼, ,",", ,1
下,町, ,",", ,1
山,の,手, ,",", ,1
麹, ,",", ,1
小,石,川, ,",", ,1
こ,い,し, ,",", ,1
牛,込, ,",", ,1
四,谷, ,",", ,1
生,粋, ,",", ,1
い,な,せ, ,",", ,1
か,ら,っ,き,し, ,",", ,1
み,じ,め, ,",", ,1
神,田,松,永, ,",", ,1
ゅ,う,か,ん,ば,し,て,え, ,",", ,1
名,代, ,",", ,1
癇, ,",", ,1
今,時, ,",", ,1
い,ま,ど,き, ,",", ,1
御,願, ,",", ,1
つ,け, ,",", ,1
残,念, ,",", ,1
ぺ,ら,な, ,",", ,1
そ,れ,な,り, ,",", ,1
幾,日, ,",", ,1
性,質, ,",", ,1
下,手, ,",", ,1
へ,た, ,",", ,1
師, ,",", ,1
故,意, ,",", ,1
損,害, ,",", ,1
虚,栄, ,",", ,1
修,養, ,",", ,1
真,価, ,",", ,1
以,下, ,",", ,1
ょ,く,す,る,に,は, ,",", ,1
蛙, ,",", ,1
福, ,",", ,1
禄, ,",", ,1
寿, ,",", ,1
祈,誓, ,",", ,1
兼,勤, ,",", ,1
構,造, ,",", ,1
色,合, ,",", ,1
銀,紙, ,",", ,1
総,合, ,",", ,1
痛,痒, ,",", ,1
つ,う, ,",", ,1
胡,坐, ,",", ,1
あ,ぐ,ら, ,",", ,1
煙,管, ,",", ,1
お,も,ち,ゃ, ,",", ,1
同,盟, ,",", ,1
国,旗, ,",", ,1
所,有, ,",", ,1
権, ,",", ,1
ぎ,づ,け,に,さ,れ,て,い,る,に,し,て,も,こ,れ,で,は, ,",", ,1
揮, ,",", ,1
法,則, ,",", ,1
利,刃, ,",", ,1
霜,柱, ,",", ,1
日,本,一, ,",", ,1
手,腕, ,",", ,1
自,任, ,",", ,1
た,ん,び, ,",", ,1
瓦,斯, ,",", ,1
ガ,ス, ,",", ,1
鼻,柱, ,",", ,1
計,画, ,",", ,1
推,察, ,",", ,1
得,心,ず,く, ,",", ,1
怪,我, ,",", ,1
咽, ,",", ,1
喉,笛, ,",", ,1
命,令, ,",", ,1
逗, ,",", ,1
頼, ,",", ,1
近,所, ,",", ,1
御,新,造, ,",", ,1
よ,っ,ぽ,ど, ,",", ,1
金,目, ,",", ,1
騒, ,",", ,1
贅,沢, ,",", ,1
ぜ,い,た,く, ,",", ,1
あ,た,り,前, ,",", ,1
仲, ,",", ,1
あ,り,ま, ,",", ,1
益, ,",", ,1
碌, ,",", ,1
け,ん,の,ん, ,",", ,1
ふ,け, ,",", ,1
溜, ,",", ,1
頭,蓋,骨, ,",", ,1
開,始, ,",", ,1
不,毛, ,",", ,1
熊,手, ,",", ,1
疾,風, ,",", ,1
速,度, ,",", ,1
髪,の,毛, ,",", ,1
根,こ,ぎ, ,",", ,1
べ,た,一,面, ,",", ,1
蚯,蚓, ,",", ,1
余,勢, ,",", ,1
磐, ,",", ,1
脳,味,噌, ,",", ,1
震,盪, ,",", ,1
し,ん,と,う, ,",", ,1
辣,腕, ,",", ,1
倦,怠, ,",", ,1
や, ,",", ,1
一,ぷ,く, ,",", ,1
同,志, ,",", ,1
愛,想, ,",", ,1
さ,っ,ぱ, ,",", ,1
見,境, ,",", ,1
締,り, ,",", ,1
ょ,ぼ,う,ず,が,さ, ,",", ,1
住,持, ,",", ,1
せ,っ,か,ち, ,",", ,1
苦,味, ,",", ,1
レ,コ, ,",", ,1
い,き,さ,つ, ,",", ,1
や,っ,こ, ,",", ,1
殊,勝, ,",", ,1
経, ,",", ,1
ウ,フ,フ,フ,フ, ,",", ,1
出,し,抜,け, ,",", ,1
あ,ん,さ,ん, ,",", ,1
び,っ, ,",", ,1
安,さ, ,",", ,1
ゃ,い,ら,れ,め,え, ,",", ,1
村,中, ,",", ,1
大,笑,い, ,",", ,1
磯, ,",", ,1
い,そ, ,",", ,1
塩,気, ,",", ,1
か,ぜ, ,",", ,1
蹲,踞, ,",", ,1
ち,ゃ,り, ,",", ,1
小,刀, ,",", ,1
丘, ,",", ,1
貝,殻, ,",", ,1
牡,蠣, ,",", ,1
ば,か, ,",", ,1
馬,刀,貝, ,",", ,1
無,尽,蔵, ,",", ,1
小,橋, ,",", ,1
参,差, ,",", ,1
し,ん,し, ,",", ,1
ひ,ろ,の, ,",", ,1
軟,風, ,",", ,1
微,温, ,",", ,1
鈍,刀, ,",", ,1
ど,ん,と, ,",", ,1
気,長, ,",", ,1
強,烈, ,",", ,1
拮,抗, ,",", ,1
き,っ,こ,う, ,",", ,1
頭,脳, ,",", ,1
吶, ,",", ,1
鑿, ,",", ,1
豪,傑, ,",", ,1
た,ん,か, ,",", ,1
渾,然, ,",", ,1
駘,蕩, ,",", ,1
た,い,と,う, ,",", ,1
満,腹, ,",", ,1
饒,舌, ,",", ,1
ょ,う,ぜ,つ,を, ,",", ,1
ろ,う,し, ,",", ,1
怡, ,",", ,1
春,光, ,",", ,1
し,ゅ,ん,こ,う, ,",", ,1
浮,遊, ,",", ,1
意,気, ,",", ,1
氷,炭, ,",", ,1
ひ,ょ,う,た,ん, ,",", ,1
見,出,し, ,",", ,1
懸,絶, ,",", ,1
斯, ,",", ,1
1,6, ,",", ,1
龍, ,",", ,1
勢,力, ,",", ,1
大,人, ,",", ,1
た,い,じ, ,",", ,1
手,足, ,",", ,1
ゅ,そ,く,と,な,っ,て, ,",", ,1
股,肱, ,",", ,1
い,し,ゃ, ,",", ,1
心,腹, ,",", ,1
し,ん,ぷ,く, ,",", ,1
牛,馬, ,",", ,1
弥,生, ,",", ,1
や,よ,い, ,",", ,1
弥, ,",", ,1
安,価, ,",", ,1
陷, ,",", ,1
炎, ,",", ,1
6,4, ,",", ,1
四,方,八,方, ,",", ,1
よ,も,や,ま, ,",", ,1
白,木,綿, ,",", ,1
丸,絎, ,",", ,1
ぐ,け,の, ,",", ,1
こ,な,い,だ, ,",", ,1
道,草, ,",", ,1
使, ,",", ,1
瘤, ,",", ,1
不,作,法, ,",", ,1
勘,弁, ,",", ,1
捏, ,",", ,1
床,屋, ,",", ,1
凹,凸, ,",", ,1
箆, ,",", ,1
べ,ら,ぼ,う, ,",", ,1
年,甲,斐, ,",", ,1
ヘ,ン, ,",", ,1
ど,た,ま, ,",", ,1
無,茶, ,",", ,1
人,前, ,",", ,1
発,憤, ,",", ,1
陸,前, ,",", ,1
大,梅, ,",", ,1
し,ゅ,ぎ,ょ,う, ,",", ,1
ざ, ,",", ,1
噌,擂, ,",", ,1
祈,祷, ,",", ,1
癒, ,",", ,1
逆,様, ,",", ,1
減, ,",", ,1
餓,鬼, ,",", ,1
き,だ, ,",", ,1
咄, ,",", ,1
と,つ, ,",", ,1
屎, ,",", ,1
厥, ,",", ,1
思,索, ,",", ,1
下,男, ,",", ,1
舵, ,",", ,1
か,じ, ,",", ,1
差,別, ,",", ,1
四,大, ,",", ,1
顕,微,鏡, ,",", ,1
び,き, ,",", ,1
ほ,と,り, ,",", ,1
虻, ,",", ,1
蕋, ,",", ,1
落,椿, ,",", ,1
拒, ,",", ,1
あ,て, ,",", ,1
こ,こ,ろ, ,",", ,1
米, ,",", ,1
こ,め,か,み, ,",", ,1
争, ,",", ,1
火,宅, ,",", ,1
讎, ,",", ,1
富, ,",", ,1
誉, ,",", ,1
賢, ,",", ,1
蜂, ,",", ,1
醸, ,",", ,1
蜜, ,",", ,1
待, ,",", ,1
精,華, ,",", ,1
嚼, ,",", ,1
髄, ,",", ,1
餐, ,",", ,1
嚥, ,",", ,1
自,在, ,",", ,1
じ,ざ, ,",", ,1
団, ,",", ,1
放,下, ,",", ,1
破,笠, ,",", ,1
は,り, ,",", ,1
青,嵐, ,",", ,1
せ,い,ら,ん, ,",", ,1
拈,出, ,",", ,1
ね,ん,し,ゅ,つ, ,",", ,1
敢, ,",", ,1
銅,臭, ,",", ,1
ど,う,し, ,",", ,1
ゅ,う,じ,の, ,",", ,1
嚇, ,",", ,1
標, ,",", ,1
ょ,う,ち,す,る,が,た,め,で,は,な,い, ,",", ,1
這,裏, ,",", ,1
ゃ,り, ,",", ,1
福,音, ,",", ,1
衆,生, ,",", ,1
ゅ,じ,ょ,う,を, ,",", ,1
ぐ,そ,く,の, ,",", ,1
春,秋, ,",", ,1
呻,吟, ,",", ,1
し,ん,ぎ,ん, ,",", ,1
一,生, ,",", ,1
回,顧, ,",", ,1
閲,歴, ,",", ,1
波,動, ,",", ,1
点,検, ,",", ,1
微,光, ,",", ,1
骸, ,",", ,1
拍,手, ,",", ,1
ゅ, ,",", ,1
喚, ,",", ,1
一,事, ,",", ,1
一,物, ,",", ,1
一,双, ,",", ,1
ウ,ォ,ー,ヅ,ウ,ォ,ー,ス, ,",", ,1
一,団, ,",", ,1
水,仙, ,",", ,1
沢, ,",", ,1
撩,乱, ,",", ,1
ょ,う,ら,ん,せ,し,む,る, ,",", ,1
那,物, ,",", ,1
耿,気, ,",", ,1
こ,う,き, ,",", ,1
絃, ,",", ,1
琴, ,",", ,1
亶, ,",", ,1
1,8, ,",", ,1
ち,ま,た, ,",", ,1
彷,徨, ,",", ,1
憑, ,",", ,1
色,彩, ,",", ,1
事,物, ,",", ,1
仙,丹, ,",", ,1
蓬,莱, ,",", ,1
蒸,発, ,",", ,1
精,気, ,",", ,1
知,覚, ,",", ,1
飽,和, ,",", ,1
う,わ,の,空, ,",", ,1
ひ,ろ, ,",", ,1
廣, ,",", ,1
－, ,",", ,1
1,3, ,",", ,1
こ,う,よ,う, ,",", ,1
蒼,海, ,",", ,1
そ,う,か,い, ,",", ,1
発,現, ,",", ,1
懸,念, ,",", ,1
銷,磨, ,",", ,1
ょ,う,ま,し,は,せ,ぬ,か,と,の, ,",", ,1
可, ,",", ,1
不,可, ,",", ,1
凡,境, ,",", ,1
脱,却, ,",", ,1
弱,き, ,",", ,1
虞, ,",", ,1
冲,融, ,",", ,1
ゅ,う,ゆ,う,と,か, ,",", ,1
澹,蕩, ,",", ,1
切,実, ,",", ,1
審,美, ,",", ,1
漉, ,",", ,1
絵,絹, ,",", ,1
ぎ,ぬ, ,",", ,1
能,事, ,",", ,1
一,頭,地, ,",", ,1
生,動, ,",", ,1
特,別, ,",", ,1
羅, ,",", ,1
寓, ,",", ,1
技,術, ,",", ,1
筆,端, ,",", ,1
前,人, ,",", ,1
籬, ,",", ,1
下,り, ,",", ,1
伝,説, ,",", ,1
き,も,の, ,",", ,1
作,品, ,",", ,1
主,客, ,",", ,1
ゅ,か,く, ,",", ,1
深,浅, ,",", ,1
共,同, ,",", ,1
感,覚, ,",", ,1
こ,ぶ,し, ,",", ,1
心,外, ,",", ,1
方,円, ,",", ,1
紅,緑, ,",", ,1
濃,淡, ,",", ,1
陰, ,",", ,1
洪, ,",", ,1
繊, ,",", ,1
一,定, ,",", ,1
具,体, ,",", ,1
合,点, ,",", ,1
が,て,ん, ,",", ,1
両,立, ,",", ,1
局,部, ,",", ,1
再,現, ,",", ,1
刻,下, ,",", ,1
生,命, ,",", ,1
淌, ,",", ,1
4,5, ,",", ,1
ょ,う,き,ょ,う,し,が,た,き, ,",", ,1
事,業, ,",", ,1
績, ,",", ,1
流,派, ,",", ,1
雲,谷, ,",", ,1
門,下, ,",", ,1
泰,西, ,",", ,1
具,象, ,",", ,1
往, ,",", ,1
傾,倒, ,",", ,1
多,数, ,",", ,1
筆,墨, ,",", ,1
神,韻, ,",", ,1
し,ん,い, ,",", ,1
雪,舟, ,",", ,1
せ,っ,し,ゅ,う, ,",", ,1
筆,力, ,",", ,1
生,き,別,れ, ,",", ,1
吾,子, ,",", ,1
州, ,",", ,1
回,国, ,",", ,1
寤, ,",", ,1
十,字, ,",", ,1
街,頭, ,",", ,1
邂,逅, ,",", ,1
か,い,こ,う, ,",", ,1
ぎ,る,ひ,ま,も,な,き,う,ち,に, ,",", ,1
曲,直, ,",", ,1
表,現, ,",", ,1
風,韻, ,",", ,1
抽,象, ,",", ,1
興,趣, ,",", ,1
変,り, ,",", ,1
不,案,内, ,",", ,1
領,分, ,",", ,1
経,過, ,",", ,1
本,領, ,",", ,1
不,一, ,",", ,1
両,様, ,",", ,1
心,裏, ,",", ,1
状,況, ,",", ,1
逓,次, ,",", ,1
て,い,じ, ,",", ,1
内,容, ,",", ,1
翻,訳, ,",", ,1
景, ,",", ,1
曠,然, ,",", ,1
倚,托, ,",", ,1
ホ,ー,マ,ー, ,",", ,1
ヴ,ァ,ー,ジ,ル, ,",", ,1
進,捗, ,",", ,1
し,ん,ち,ょ,く, ,",", ,1
助,け, ,",", ,1
要,件, ,",", ,1
議,論, ,",", ,1
大,概, ,",", ,1
朋,友, ,",", ,1
ゆ,う,の, ,",", ,1
失,念, ,",", ,1
葛,湯, ,",", ,1
粘,着, ,",", ,1
淆, ,",", ,1
鍋, ,",", ,1
な,べ, ,",", ,1
葛, ,",", ,1
附,着, ,",", ,1
青,春, ,",", ,1
三,月, ,",", ,1
愁,随, ,",", ,1
長, ,",", ,1
閑,花, ,",", ,1
落,空, ,",", ,1
素,琴, ,",", ,1
虚, ,",", ,1
蕭, ,",", ,1
蛸, ,",", ,1
篆,煙, ,",", ,1
繞, ,",", ,1
梁, ,",", ,1
独,坐, ,",", ,1
隻,語, ,",", ,1
認,微, ,",", ,1
多,事, ,",", ,1
此,境, ,",", ,1
孰,可, ,",", ,1
会,得, ,",", ,1
知, ,",", ,1
遐,懐, ,",", ,1
何,処, ,",", ,1
緬, ,",", ,1
白,雲, ,",", ,1
郷, ,",", ,1
い,っ,ぺ,ん, ,",", ,1
入, ,",", ,1
索,然, ,",", ,1
反,対, ,",", ,1
逆, ,",", ,1
花,曇, ,",", ,1
ぐ,も,り,の, ,",", ,1
蕭,寥, ,",", ,1
し,ょ,う,り,ょ,う, ,",", ,1
傍,目, ,",", ,1
無,地, ,",", ,1
む,じ,と, ,",", ,1
あ,ゆ,み, ,",", ,1
端,正, ,",", ,1
静,粛, ,",", ,1
逝, ,",", ,1
む,と,ん,じ,ゃ,く, ,",", ,1
綺,羅, ,",", ,1
嬋,媛, ,",", ,1
戸,口, ,",", ,1
帯,地, ,",", ,1
金,襴, ,",", ,1
織,物, ,",", ,1
蒼,然, ,",", ,1
夕,べ, ,",", ,1
闃, ,",", ,1
げ,き, ,",", ,1
遼,遠, ,",", ,1
ょ,う,え,ん,の,か,し,こ,へ, ,",", ,1
太, ,",", ,1
玄, ,",", ,1
昏, ,",", ,1
5,2, ,",", ,1
は,な,や,か, ,",", ,1
幽,冥, ,",", ,1
府, ,",", ,1
銀,燭, ,",", ,1
宵, ,",", ,1
色,相, ,",", ,1
情,景, ,",", ,1
粛,然, ,",", ,1
歩,調, ,",", ,1
わ,い, ,",", ,1
極, ,",", ,1
漠, ,",", ,1
靜, ,",", ,1
7,5, ,",", ,1
む,の, ,",", ,1
素,性, ,",", ,1
ょ,う,を,ほ,の,め,か,し,て,い,る, ,",", ,1
幻,覚, ,",", ,1
ま,も,る, ,",", ,1
四,苦,八,苦, ,",", ,1
科, ,",", ,1
冥,府, ,",", ,1
よ,み, ,",", ,1
だ,ま,し, ,",", ,1
打,ち, ,",", ,1
一,命, ,",", ,1
定, ,",", ,1
業, ,",", ,1
じ,ょ,う,ご, ,",", ,1
得,心, ,",", ,1
断,念, ,",", ,1
唱, ,",", ,1
む,あ,み,だ,ぶ,つ,と, ,",", ,1
回,向, ,",", ,1
い,お,う, ,",", ,1
半,ば, ,",", ,1
あ,の,世, ,",", ,1
初,手, ,",", ,1
不,自,由, ,",", ,1
豆,腐, ,",", ,1
鉱,泉, ,",", ,1
成,分, ,",", ,1
ご,こ,ち, ,",", ,1
病,気, ,",", ,1
持,病, ,",", ,1
実,用, ,",", ,1
白,楽,天, ,",", ,1
は,く,ら,く, ,",", ,1
凝,脂, ,",", ,1
夜,の,目, ,",", ,1
ひ,そ,か, ,",", ,1
潤, ,",", ,1
繁, ,",", ,1
立,て, ,",", ,1
ゆ,か, ,",", ,1
天,井, ,",", ,1
隈, ,",", ,1
ま,さ,え, ,",", ,1
節,穴, ,",", ,1
も,れ, ,",", ,1
餉,炊, ,",", ,1
様,々, ,",", ,1
絹, ,",", ,1
一,重, ,",", ,1
幾,重, ,",", ,1
語,句, ,",", ,1
妥,当, ,",", ,1
く,ら,げ, ,",", ,1
錠,前, ,",", ,1
ょ,う,ま,え,を, ,",", ,1
執,着, ,",", ,1
し,ゅ,う,じ,ゃ,く, ,",", ,1
栓, ,",", ,1
張, ,",", ,1
ざ,え,も,ん,は, ,",", ,1
ス,ウ,ィ,ン,バ,ー,ン, ,",", ,1
神,話, ,",", ,1
比,喩, ,",", ,1
痙,攣, ,",", ,1
け,い,れ,ん, ,",", ,1
苦,悶, ,",", ,1
く,も,ん, ,",", ,1
全,幅, ,",", ,1
以, ,",", ,1
ざ,え,も,ん,を,か,い,て, ,",", ,1
ざ,え,も,ん,の, ,",", ,1
賛, ,",", ,1
霜, ,",", ,1
冷, ,",", ,1
し,た, ,",", ,1
ゅ,し,つ,つ, ,",", ,1
漫,然, ,",", ,1
楽,器, ,",", ,1
試, ,",", ,1
た,め,し, ,",", ,1
音,色, ,",", ,1
上,方, ,",", ,1
検,校, ,",", ,1
地,唄, ,",", ,1
太,棹, ,",", ,1
ざ,お,か,と,も, ,",", ,1
門,前, ,",", ,1
万,屋, ,",", ,1
酒,屋, ,",", ,1
昼,過,ぎ, ,",", ,1
さ,ら,い, ,",", ,1
浚, ,",", ,1
東,側, ,",", ,1
周, ,",", ,1
赤,石, ,",", ,1
わ,か,ら,ず,屋, ,",", ,1
か,た,く,な, ,",", ,1
じ,じ,い, ,",", ,1
日,課, ,",", ,1
手,絡, ,",", ,1
世,帯, ,",", ,1
帳,場, ,",", ,1
啣, ,",", ,1
く,ち,ば,し, ,",", ,1
ひ,ご, ,",", ,1
聞,き,覚,え, ,",", ,1
ゃ,み, ,",", ,1
パ,ノ,ラ,マ, ,",", ,1
過,去, ,",", ,1
頑,是, ,",", ,1
段,々, ,",", ,1
遶, ,",", ,1
釣, ,",", ,1
ラ,ン,プ, ,",", ,1
隔,り, ,",", ,1
ぶ,っ,し,ょ,く, ,",", ,1
逃,場, ,",", ,1
鵞, ,",", ,1
毬, ,",", ,1
求, ,",", ,1
戎, ,",", ,1
1,1, ,",", ,1
び,ろ,う, ,",", ,1
律, ,",", ,1
差, ,",", ,1
人,体, ,",", ,1
骨,格, ,",", ,1
視,覚, ,",", ,1
在, ,",", ,1
漾, ,",", ,1
背,丈, ,",", ,1
作,法, ,",", ,1
風,紀, ,",", ,1
古,代, ,",", ,1
ふ,っ,こ,く, ,",", ,1
あ,か,ら,さ,ま, ,",", ,1
迹, ,",", ,1
答,え, ,",", ,1
衣,冠, ,",", ,1
常,態, ,",", ,1
赤,裸, ,",", ,1
権,能, ,",", ,1
附,与, ,",", ,1
十,二,分, ,",", ,1
満, ,",", ,1
諺, ,",", ,1
こ,と,わ,ざ, ,",", ,1
放,心, ,",", ,1
文,章, ,",", ,1
必,須, ,",", ,1
今,代, ,",", ,1
ゅ,つ, ,",", ,1
一,大, ,",", ,1
竇, ,",", ,1
い,と,う, ,",", ,1
潮,流, ,",", ,1
齷,齪, ,",", ,1
好,例, ,",", ,1
嫖,客, ,",", ,1
容,姿, ,",", ,1
瞳,子, ,",", ,1
顧,慮, ,",", ,1
ょ,す,る,の,ほ,か, ,",", ,1
は,っ,き, ,",", ,1
サ,ロ,ン, ,",", ,1
目,録, ,",", ,1
全,身, ,",", ,1
筋,肉, ,",", ,1
む,ず,つ,か,し,て, ,",", ,1
娉, ,",", ,1
亭, ,",", ,1
ひ,ょ,う,て,い, ,",", ,1
埃, ,",", ,1
人,界, ,",", ,1
ざ,い,す,る, ,",", ,1
神,代, ,",", ,1
み,よ, ,",", ,1
起,し, ,",", ,1
う,ず, ,",", ,1
霓, ,",", ,1
真,白, ,",", ,1
頸,筋, ,",", ,1
び,す,じ,を, ,",", ,1
内,輪, ,",", ,1
な,だ,れ, ,",", ,1
下,腹, ,",", ,1
安,ら,か, ,",", ,1
ぎ,ゃ,く, ,",", ,1
受, ,",", ,1
蹠, ,",", ,1
錯,雑, ,",", ,1
ざ,つ,し,た, ,",", ,1
幽,玄, ,",", ,1
片,鱗, ,",", ,1
へ,ん,り,ん, ,",", ,1
溌,墨, ,",", ,1
は,つ, ,",", ,1
ぼ,く, ,",", ,1
5,0, ,",", ,1
楮, ,",", ,1
む,る,が,ご,と,く, ,",", ,1
赤,裸,々, ,",", ,1
き,ら,ら, ,",", ,1
浄, ,",", ,1
洒, ,",", ,1
ゃ,し,ゃ,に, ,",", ,1
桂, ,",", ,1
か,つ,ら, ,",", ,1
み,や,こ, ,",", ,1
追,手, ,",", ,1
躊,躇, ,",", ,1
ち,ゅ,う,ち,ょ, ,",", ,1
浮,き, ,",", ,1
今,一, ,",", ,1
堕,落, ,",", ,1
亀, ,",", ,1
莽, ,",", ,1
渦, ,",", ,1
劈, ,",", ,1
突,立, ,",", ,1
御,馳,走, ,",", ,1
ご,ち,そ,う, ,",", ,1
相,客, ,",", ,1
ど,ま,り, ,",", ,1
製, ,",", ,1
仕,切, ,",", ,1
鉄,色, ,",", ,1
四,隅, ,",", ,1
唐,草, ,",", ,1
代,用, ,",", ,1
印,度, ,",", ,1
イ,ン,ド, ,",", ,1
更,紗, ,",", ,1
さ,ら, ,",", ,1
壁, ,",", ,1
器,具, ,",", ,1
人,種, ,",", ,1
巾,着,切, ,",", ,1
娑,婆,気, ,",", ,1
ゃ,ば,っ,け,が,と,れ,な,い, ,",", ,1
占,領, ,",", ,1
尻,尾, ,",", ,1
移,植, ,",", ,1
久,し,振,り, ,",", ,1
御,無,沙,汰, ,",", ,1
ご,ぶ,さ,た, ,",", ,1
草,書, ,",", ,1
昵,懇, ,",", ,1
ゅ,で,い,の, ,",", ,1
急,須, ,",", ,1
き,ゅ,う,す, ,",", ,1
琥,珀, ,",", ,1
か,お,り, ,",", ,1
か,た,は, ,",", ,1
宗,派, ,",", ,1
か,な, ,",", ,1
役, ,",", ,1
洋,画, ,",", ,1
ゅ,う,い,ち,さ,ん,の,や,ら,れ,る,よ,う,な,も,の,か,な, ,",", ,1
杯, ,",", ,1
各,自, ,",", ,1
め,い,め,い, ,",", ,1
生,壁, ,",", ,1
丹, ,",", ,1
偽,物, ,",", ,1
に,せ,も,の, ,",", ,1
植,木,鉢, ,",", ,1
葉,蘭, ,",", ,1
観,賞, ,",", ,1
好,事, ,",", ,1
ゃ,は,よ,ほ,ど,こ,れ,が, ,",", ,1
か,げ,ん, ,",", ,1
舌, ,",", ,1
閑,人, ,",", ,1
適, ,",", ,1
か,ん,じ,ん, ,",", ,1
韻,事, ,",", ,1
舌,頭, ,",", ,1
ぜ,っ,と,う, ,",", ,1
馥,郁, ,",", ,1
匂, ,",", ,1
食,道, ,",", ,1
沁, ,",", ,1
歯, ,",", ,1
玉,露, ,",", ,1
淡,水, ,",", ,1
た,ん,す, ,",", ,1
飲,料, ,",", ,1
青,玉, ,",", ,1
ぎ,わ,は, ,",", ,1
が,れ, ,",", ,1
い,る,か, ,",", ,1
栄, ,",", ,1
派,手, ,",", ,1
謙,遜, ,",", ,1
け,ん,そ,ん, ,",", ,1
幽,邃, ,",", ,1
学,校, ,",", ,1
法,用, ,",", ,1
礪,並, ,",", ,1
と,な,み, ,",", ,1
姿,見, ,",", ,1
じ,た,い, ,",", ,1
摘, ,",", ,1
せ,り, ,",", ,1
つ,み, ,",", ,1
戻,り, ,",", ,1
苦,笑, ,",", ,1
書,架, ,",", ,1
紋, ,",", ,1
一,体, ,",", ,1
り,よ, ,",", ,1
愛,蔵, ,",", ,1
ぶ,た, ,",", ,1
小,豆,色, ,",", ,1
あ,ず,き, ,",", ,1
色,合,い, ,",", ,1
九,つ, ,",", ,1
替,え, ,",", ,1
綸,子, ,",", ,1
七,言, ,",", ,1
ち,ご, ,",", ,1
じ,ょ,う,ず, ,",", ,1
さ,い,し, ,",", ,1
平,床, ,",", ,1
び,け, ,",", ,1
古,銅, ,",", ,1
底,光,り, ,",", ,1
装,幀, ,",", ,1
そ,う,て,い, ,",", ,1
大,幅, ,",", ,1
い,ふ,く, ,",", ,1
絹,地, ,",", ,1
巧,拙, ,",", ,1
褪, ,",", ,1
金,糸, ,",", ,1
華,麗, ,",", ,1
は,で, ,",", ,1
滅, ,",", ,1
砂,壁, ,",", ,1
象,牙, ,",", ,1
突, ,",", ,1
陰,気, ,",", ,1
し,ょ,う,が, ,",", ,1
保, ,",", ,1
学,者, ,",", ,1
広,沢, ,",", ,1
能,書, ,",", ,1
ょ,な,ら,し,め,ば, ,",", ,1
漢,人, ,",", ,1
習, ,",", ,1
な,ら,い, ,",", ,1
稽,古, ,",", ,1
け,い,こ, ,",", ,1
ぎ,り,じ,ゃ, ,",", ,1
除, ,",", ,1
一,座, ,",", ,1
通,例, ,",", ,1
並, ,",", ,1
み,が,き, ,",", ,1
漆, ,",", ,1
ゅ,う,る,し,で, ,",", ,1
感,服, ,",", ,1
広,島, ,",", ,1
不,器,用, ,",", ,1
賛,成, ,",", ,1
特,異, ,",", ,1
中,央, ,",", ,1
彎,曲, ,",", ,1
お,の,お,の, ,",", ,1
汁, ,",", ,1
煮,染, ,",", ,1
一,寸, ,",", ,1
塹,壕, ,",", ,1
ざ,ん,ご,う,の, ,",", ,1
盂, ,",", ,1
杓, ,",", ,1
純,然, ,",", ,1
房, ,",", ,1
装,飾, ,",", ,1
涎, ,",", ,1
一,息, ,",", ,1
紫,色, ,",", ,1
蒸,羊, ,",", ,1
羹, ,",", ,1
隠,元,豆, ,",", ,1
珍,重, ,",", ,1
類, ,",", ,1
人,造, ,",", ,1
ぴ,ん, ,",", ,1
自,棄, ,",", ,1
分,り, ,",", ,1
ゃ,し,ま,せ,ん, ,",", ,1
返,却, ,",", ,1
木,綿, ,",", ,1
ね,ず,み, ,",", ,1
光,沢, ,",", ,1
賞,翫, ,",", ,1
し,ょ,う,が,ん, ,",", ,1
し,な, ,",", ,1
珍, ,",", ,1
へ, ,",", ,1
立,ち, ,",", ,1
え,ん,か, ,",", ,1
甥, ,",", ,1
川,船, ,",", ,1
廻,り, ,",", ,1
辞,退, ,",", ,1
兵, ,",", ,1
召,集, ,",", ,1
出,征, ,",", ,1
わ,く, ,",", ,1
平,家, ,",", ,1
後,裔, ,",", ,1
朔,北, ,",", ,1
曠,野, ,",", ,1
こ,う,や, ,",", ,1
血,潮, ,",", ,1
分,の, ,",", ,1
剣, ,",", ,1
つ,る, ,",", ,1
ぎ,の, ,",", ,1
人,生, ,",", ,1
心,臓, ,",", ,1
平,野, ,",", ,1
潮, ,",", ,1
そ,つ, ,",", ,1
一,堂, ,",", ,1
縛, ,",", ,1
び,の, ,",", ,1
ぬ,き, ,",", ,1
や,る,気, ,",", ,1
本,道, ,",", ,1
可,哀,想, ,",", ,1
か,わ,い,そ,う, ,",", ,1
鷹, ,",", ,1
油,断, ,",", ,1
惚, ,",", ,1
に,き,び, ,",", ,1
御,籤, ,",", ,1
一,文, ,",", ,1
乞, ,",", ,1
読,み,方, ,",", ,1
と,も, ,",", ,1
む,る,た,め,か, ,",", ,1
み,ゃ,く, ,",", ,1
脱, ,",", ,1
都,合, ,",", ,1
リ,ボ,ン, ,",", ,1
ド,ウ,ジ, ,",", ,1
殿, ,",", ,1
日,没, ,",", ,1
ド,ー,ジ, ,",", ,1
御,殿, ,",", ,1
続,き, ,",", ,1
一,抹, ,",", ,1
蛋,白,石, ,",", ,1
鐘,楼, ,",", ,1
ゅ,ろ,う,が, ,",", ,1
湾, ,",", ,1
柔,ら,か, ,",", ,1
濺, ,",", ,1
鳴,り, ,",", ,1
弦, ,",", ,1
づ,る, ,",", ,1
読,み, ,",", ,1
り,ゃ,く, ,",", ,1
幾,夜, ,",", ,1
真,夜,中, ,",", ,1
甲,板, ,",", ,1
か,ん,ぱ,ん, ,",", ,1
帆,綱, ,",", ,1
結,婚, ,",", ,1
攫, ,",", ,1
挿, ,",", ,1
靠, ,",", ,1
躯, ,",", ,1
キ,キ,ー, ,",", ,1
か,ら,だ, ,",", ,1
言,下, ,",", ,1
地,盤, ,",", ,1
響,き, ,",", ,1
泓, ,",", ,1
曲,線, ,",", ,1
褒,美, ,",", ,1
ほ,う,び, ,",", ,1
真,向, ,",", ,1
二,の,矢, ,",", ,1
旗,色, ,",", ,1
機,先, ,",", ,1
親,切, ,",", ,1
御,礼, ,",", ,1
利,目, ,",", ,1
き,き, ,",", ,1
肥, ,",", ,1
随,分, ,",", ,1
御,存,じ, ,",", ,1
従,弟, ,",", ,1
い,と,こ, ,",", ,1
戦,地, ,",", ,1
暇,乞,い, ,",", ,1
白,湯, ,",", ,1
麻,痺, ,",", ,1
し,び,れ, ,",", ,1
ょ,う,だ,ん,だ,か,ら, ,",", ,1
裏,道, ,",", ,1
二,股, ,",", ,1
岐, ,",", ,1
か,た,ち, ,",", ,1
起,伏, ,",", ,1
連, ,",", ,1
芽, ,",", ,1
萌, ,",", ,1
下,草, ,",", ,1
ぐ,さ,さ,え,あ,る, ,",", ,1
す,み,れ, ,",", ,1
天,来, ,",", ,1
奇,想, ,",", ,1
西,人, ,",", ,1
民, ,",", ,1
乞,食, ,",", ,1
じ,き, ,",", ,1
掏,摸, ,",", ,1
親,分, ,",", ,1
月,俸, ,",", ,1
扱, ,",", ,1
岩,崎, ,",", ,1
い,わ,さ,き, ,",", ,1
三,井, ,",", ,1
み,つ,い, ,",", ,1
冷,然, ,",", ,1
帝,王, ,",", ,1
権,威, ,",", ,1
風,馬,牛, ,",", ,1
ぎ,ゅ,う,し, ,",", ,1
超,越, ,",", ,1
平,等, ,",", ,1
無,辺,際, ,",", ,1
む,へ,ん,さ,い,に, ,",", ,1
羣,小, ,",", ,1
ぐ,ん,し,ょ,う,を, ,",", ,1
タ,イ, ,",", ,1
モ,ン, ,",", ,1
ど,お,り, ,",", ,1
滋, ,",", ,1
惠, ,",", ,1
2,4, ,",", ,1
畦, ,",", ,1
得,策, ,",", ,1
無,私, ,",", ,1
賊, ,",", ,1
ょ,う,ぞ,く,を, ,",", ,1
戮, ,",", ,1
圃, ,",", ,1
ま,ん,ぽ, ,",", ,1
屍, ,",", ,1
ば,ね, ,",", ,1
培,養, ,",", ,1
中,学, ,",", ,1
練,り, ,",", ,1
シ,ュ,ッ, ,",", ,1
短, ,",", ,1
い,草, ,",", ,1
雨,竜, ,",", ,1
寂,滅, ,",", ,1
間,際, ,",", ,1
ぎ,わ,で, ,",", ,1
ぐ,さ,が, ,",", ,1
お,う,じ,ょ,う, ,",", ,1
す,す,き, ,",", ,1
藻, ,",", ,1
調, ,",", ,1
期, ,",", ,1
暮,ら,し, ,",", ,1
手,頃, ,",", ,1
慵, ,",", ,1
む,あ,み,だ,ぶ,つ, ,",", ,1
懸,命, ,",", ,1
爪,先, ,",", ,1
向,う,岸, ,",", ,1
日,向, ,",", ,1
ひ,な, ,",", ,1
軽,快, ,",", ,1
間,遠, ,",", ,1
森,閑, ,",", ,1
し,ん,か,ん, ,",", ,1
深,山, ,",", ,1
み,や,ま, ,",", ,1
妖,女, ,",", ,1
よ,う,じ, ,",", ,1
嫣,然, ,",", ,1
毒, ,",", ,1
血,管, ,",", ,1
は,で,や,か, ,",", ,1
悄,然, ,",", ,1
雨,中, ,",", ,1
梨,花, ,",", ,1
り,か, ,",", ,1
艶, ,",", ,1
毒,気, ,",", ,1
う,わ,べ, ,",", ,1
星,霜, ,",", ,1
せ,い,そ,う, ,",", ,1
人,目, ,",", ,1
山,陰, ,",", ,1
一,眼, ,",", ,1
彼,女, ,",", ,1
魔,力, ,",", ,1
囚,人, ,",", ,1
惹, ,",", ,1
か,ら, ,",", ,1
不,快, ,",", ,1
古,池, ,",", ,1
ら,ち, ,",", ,1
人,魂, ,",", ,1
際,限, ,",", ,1
ょ,う,だ,ん,に, ,",", ,1
大,浪, ,",", ,1
板,子, ,",", ,1
た,ね, ,",", ,1
と,こ,し,な,え, ,",", ,1
原,理, ,",", ,1
不,明, ,",", ,1
し,っ,と, ,",", ,1
不,安, ,",", ,1
い,か,り, ,",", ,1
ゅ,ん,こ,ん,と,か, ,",", ,1
格,別, ,",", ,1
ょ,の,う,ち,で, ,",", ,1
ょ,う,で, ,",", ,1
衝,動, ,",", ,1
眉,宇, ,",", ,1
び,う,に,ひ,ら,め,い,た, ,",", ,1
ゅ,す,る,で,あ,ろ,う, ,",", ,1
微,笑, ,",", ,1
図,案, ,",", ,1
筒,袖, ,",", ,1
屈, ,",", ,1
落, ,",", ,1
鉈, ,",", ,1
刃, ,",", ,1
逞, ,",", ,1
旧,知, ,",", ,1
馴, ,",", ,1
お,か,き, ,",", ,1
き,ぎ, ,",", ,1
荷, ,",", ,1
革, ,",", ,1
か,め, ,",", ,1
ア,ハ,ハ,ハ,ハ, ,",", ,1
不,憫, ,",", ,1
ふ,び,ん, ,",", ,1
そ,り,ゃ,あ, ,",", ,1
尺,八, ,",", ,1
染,み, ,",", ,1
ど,の, ,",", ,1
［,＃, ,",", ,1
ル,ビ, ,",", ,1
底,本, ,",", ,1
志, ,",", ,1
保,田, ,",", ,1
代,々, ,",", ,1
だ,い,だ,い, ,",", ,1
た,た,り, ,",", ,1
囃, ,",", ,1
お,ふ,く,ろ, ,",", ,1
吸,殻, ,",", ,1
下,絵, ,",", ,1
申, ,",", ,1
嵯, ,",", ,1
断,崖, ,",", ,1
叢,生, ,",", ,1
そ,う,せ,い, ,",", ,1
抱, ,",", ,1
蔦, ,",", ,1
わ,か, ,",", ,1
づ,た,に,か,ら,ま,れ,た, ,",", ,1
笹, ,",", ,1
水,底, ,",", ,1
び,ゆ,る, ,",", ,1
寸,法, ,",", ,1
収, ,",", ,1
奇, ,",", ,1
い,っ,こ,う, ,",", ,1
水,面, ,",", ,1
皴, ,",", ,1
皺, ,",", ,1
ゅ,ん,し,ゅ,の, ,",", ,1
吟,味, ,",", ,1
危,巌, ,",", ,1
頂, ,",", ,1
い,た,だ,き, ,",", ,1
へ,び, ,",", ,1
画,筆, ,",", ,1
晩,春, ,",", ,1
楚, ,",", ,1
蒼,白, ,",", ,1
ぐ,さ,と, ,",", ,1
ぎ,づ,け,に,さ,れ,た,ぎ,り, ,",", ,1
一,指, ,",", ,1
如,く, ,",", ,1
十,一, ,",", ,1
雑,話, ,",", ,1
許, ,",", ,1
葷,酒, ,",", ,1
入,山, ,",", ,1
ゅ,さ,ん,も,ん,に,い,る,を,ゆ,る,さ,ず,と, ,",", ,1
ト,リ,ス,ト,ラ,ム,・,シ,ャ,ン,デ,ー, ,",", ,1
召, ,",", ,1
書,き,方, ,",", ,1
自,力, ,",", ,1
綴, ,",", ,1
著,者, ,",", ,1
ス,タ,ー,ン, ,",", ,1
在,天, ,",", ,1
溝, ,",", ,1
む,と,き, ,",", ,1
二,段, ,",", ,1
黙,然, ,",", ,1
鎌,倉, ,",", ,1
五,山, ,",", ,1
円,覚,寺, ,",", ,1
塔,頭, ,",", ,1
門,内, ,",", ,1
の,ぼ,る, ,",", ,1
境,内, ,",", ,1
ゃ,ら,く,だ,か,ら, ,",", ,1
段,上, ,",", ,1
が,ら,ん, ,",", ,1
人,影, ,",", ,1
ゃ,ら,く,な, ,",", ,1
晴,々, ,",", ,1
せ,い,せ,い, ,",", ,1
こ,せ,こ,せ, ,",", ,1
面,積, ,",", ,1
名,誉, ,",", ,1
参,考, ,",", ,1
よ,せ, ,",", ,1
処,世, ,",", ,1
人,々, ,",", ,1
運, ,",", ,1
尽,き, ,",", ,1
真,正, ,",", ,1
人,身, ,",", ,1
攻,撃, ,",", ,1
防,禦, ,",", ,1
ぼ,う,ぎ,ょ, ,",", ,1
曠, ,",", ,1
即,座, ,",", ,1
庫,裡, ,",", ,1
つ,つ,じ, ,",", ,1
墓,場, ,",", ,1
幽,か, ,",", ,1
甍, ,",", ,1
見,上, ,",", ,1
点,々, ,",", ,1
落,ち, ,",", ,1
岩,佐, ,",", ,1
又,兵,衛, ,",", ,1
鉦, ,",", ,1
撞,木, ,",", ,1
し,ゅ,も,く, ,",", ,1
奉,加,帳, ,",", ,1
山,寺, ,",", ,1
糸,瓜, ,",", ,1
へ,ち,ま, ,",", ,1
き,ゅ,う,り, ,",", ,1
お,し,ま,い, ,",", ,1
違,い, ,",", ,1
年,月, ,",", ,1
連,続, ,",", ,1
突,飛, ,",", ,1
と,っ,ぴ, ,",", ,1
庭,前, ,",", ,1
柏, ,",", ,1
よ,し, ,",", ,1
問, ,",", ,1
お,う,じ, ,",", ,1
ゅ,と, ,",", ,1
少,時, ,",", ,1
晁, ,",", ,1
補, ,",", ,1
行,文, ,",", ,1
九,月, ,",", ,1
斗, ,",", ,1
ひ,か,り, ,",", ,1
そ,う,か,ん, ,",", ,1
摩, ,",", ,1
戞, ,",", ,1
棕, ,",", ,1
し,ん,ぜ,ん, ,",", ,1
魅, ,",", ,1
髟, ,",", ,1
眄, ,",", ,1
2,1, ,",", ,1
り,つ, ,",", ,1
状, ,",", ,1
ょ,う,の,ご,と,し, ,",", ,1
は,く,動, ,",", ,1
刺, ,",", ,1
と,げ, ,",", ,1
い,ら,い,ら, ,",", ,1
樹,下, ,",", ,1
簇, ,",", ,1
純,白, ,",", ,1
専, ,",", ,1
極,度, ,",", ,1
み, ,",", ,1
卑,下, ,",", ,1
累,々, ,",", ,1
蔓, ,",", ,1
瞻, ,",", ,1
盗,人, ,",", ,1
び,と,は,お,ら,ぬ, ,",", ,1
訪,問, ,",", ,1
あ,す, ,",", ,1
訪, ,",", ,1
衝,立, ,",", ,1
つ,い,た,て, ,",", ,1
ょ,こ,り,と,あ,ら,わ,れ,る, ,",", ,1
ょ,う,さ,ん,は,お,い,で,か,い, ,",", ,1
半,紙, ,",", ,1
脚,下, ,",", ,1
き,ゃ,っ,か, ,",", ,1
鍵, ,",", ,1
か,ぎ, ,",", ,1
横,手, ,",", ,1
敷,居,越,し, ,",", ,1
囲,炉,裏, ,",", ,1
い,ろ,り, ,",", ,1
書,見, ,",", ,1
ょ,け,ん,を,し,て,い,た, ,",", ,1
ざ,ぶ,と,ん,を, ,",", ,1
げ,ん,か, ,",", ,1
飛,び,石, ,",", ,1
懸,崖, ,",", ,1
び,が,こ,こ, ,",", ,1
毎,晩, ,",", ,1
よ,う,か,い, ,",", ,1
ぞ,っ,き, ,",", ,1
お,う,と, ,",", ,1
ょ,う,さ,え,あ,ら,わ,れ,て,お,れ,ば, ,",", ,1
名,刺, ,",", ,1
蜀,犬, ,",", ,1
ょ,っ,け,ん, ,",", ,1
呉, ,",", ,1
ぎ,ゅ,う, ,",", ,1
喘, ,",", ,1
ゃ,し,ま,せ,ん,が,ね, ,",", ,1
さ,か,ん, ,",", ,1
茶,箪,笥, ,",", ,1
茶,器, ,",", ,1
番,茶, ,",", ,1
分,析, ,",", ,1
厄,介, ,",", ,1
や,っ,か,い, ,",", ,1
澄, ,",", ,1
臓,腑, ,",", ,1
澄,し, ,",", ,1
問,い, ,",", ,1
機,鋒, ,",", ,1
若,僧, ,",", ,1
ゃ,く,そ,う,も, ,",", ,1
ゅ,う,め,い,せ,ん,な,ら,ん, ,",", ,1
逢,着, ,",", ,1
ほ,う,ち,ゃ,く, ,",", ,1
有,耶,無,耶, ,",", ,1
む,や, ,",", ,1
び,は, ,",", ,1
明,滅, ,",", ,1
渋,茶, ,",", ,1
敬, ,",", ,1
鴪, ,",", ,1
寥, ,",", ,1
拍, ,",", ,1
十,二, ,",", ,1
高,度, ,",", ,1
オ,ス,カ,ー, ,",", ,1
ワ,イ,ル,ド, ,",", ,1
ょ,う,の,ご,と,き,は, ,",", ,1
時,勢, ,",", ,1
関, ,",", ,1
嚢, ,",", ,1
行,き,抜,け, ,",", ,1
停,滞, ,",", ,1
任,意, ,",", ,1
滓, ,",", ,1
腹,部, ,",", ,1
沈,澱, ,",", ,1
ち,ん,で,ん, ,",", ,1
之, ,",", ,1
屎,走, ,",", ,1
そ,う,に,ょ,う, ,",", ,1
完,全, ,",", ,1
小,手, ,",", ,1
春,色, ,",", ,1
ゅ,ん,し,ょ,く,の,な,か,に, ,",", ,1
痩,躯, ,",", ,1
一,流, ,",", ,1
技, ,",", ,1
ミ,ケ,ル,ア,ン,ゼ,ロ, ,",", ,1
ラ,フ,ハ,エ,ル, ,",", ,1
歩,武, ,",", ,1
斉, ,",", ,1
朝,飯, ,",", ,1
あ,お,い, ,",", ,1
さ,ん,す,い, ,",", ,1
グ,ー,ダ,ル, ,",", ,1
郷,土, ,",", ,1
本,国, ,",", ,1
埃,及, ,",", ,1
エ,ジ,プ,ト, ,",", ,1
斯,辺, ,",", ,1
固,有, ,",", ,1
よ,う,え,ん, ,",", ,1
失, ,",", ,1
山,の,端, ,",", ,1
朝,っ,ぱ,ら, ,",", ,1
歌,舞,伎,座, ,",", ,1
と,こ,ろ,ど,こ,ろ, ,",", ,1
師,走, ,",", ,1
し,わ,す, ,",", ,1
取,り, ,",", ,1
顆, ,",", ,1
薬,種, ,",", ,1
ゅ,や, ,",", ,1
銃, ,",", ,1
猟,師, ,",", ,1
鴨, ,",", ,1
女,形, ,",", ,1
よ,そ,行,き, ,",", ,1
常,住, ,",", ,1
生,活, ,",", ,1
び,て,き,せ,い,か,つ,と,で,も, ,",", ,1
ぐ,だ,て,を, ,",", ,1
誤,解, ,",", ,1
届, ,",", ,1
節,操, ,",", ,1
悲,酸, ,",", ,1
閑,雅, ,",", ,1
困,苦, ,",", ,1
肉,体, ,",", ,1
度,外, ,",", ,1
物,質, ,",", ,1
不,便, ,",", ,1
勇, ,",", ,1
猛, ,",", ,1
精,進, ,",", ,1
人,道, ,",", ,1
鼎, ,",", ,1
4,1, ,",", ,1
烹, ,",", ,1
定,義, ,",", ,1
士,人, ,",", ,1
邪, ,",", ,1
就, ,",", ,1
斥, ,",", ,1
弱, ,",", ,1
強, ,",", ,1
一,念, ,",", ,1
結,晶, ,",", ,1
白,日, ,",", ,1
芝,居,気, ,",", ,1
犠,牲, ,",", ,1
性,格, ,",", ,1
機,会, ,",", ,1
無,理,矢,理, ,",", ,1
衒, ,",", ,1
個,中, ,",", ,1
下,司, ,",", ,1
下,郎, ,",", ,1
げ,ろ,う, ,",", ,1
心,根, ,",", ,1
賤, ,",", ,1
吟, ,",", ,1
飛,瀑, ,",", ,1
ひ,ば,く, ,",", ,1
直,下, ,",", ,1
急,湍, ,",", ,1
赴, ,",", ,1
捨, ,",", ,1
洵, ,",", ,1
促, ,",", ,1
動,機, ,",", ,1
遂, ,",", ,1
情,趣, ,",", ,1
事,情, ,",", ,1
劣,等, ,",", ,1
ざ,い,す,る,も, ,",", ,1
没, ,",", ,1
漢, ,",", ,1
ぼ,つ, ,",", ,1
模,範, ,",", ,1
無,駄, ,",", ,1
砂, ,",", ,1
索, ,",", ,1
致,し,方, ,",", ,1
北,側, ,",", ,1
南,側, ,",", ,1
焼,野, ,",", ,1
青,海, ,",", ,1
お,う,み, ,",", ,1
本,筋, ,",", ,1
見,分, ,",", ,1
遠,近, ,",", ,1
草,の,根, ,",", ,1
踏, ,",", ,1
ぎ,る, ,",", ,1
一,片, ,",", ,1
普, ,",", ,1
ほ,と,ぼ,り, ,",", ,1
刷,毛, ,",", ,1
は,け, ,",", ,1
紺,青, ,",", ,1
こ,ん,じ, ,",", ,1
細, ,",", ,1
さ,い,り, ,",", ,1
あ,め, ,",", ,1
天,が,下, ,",", ,1
小,指, ,",", ,1
入,貢, ,",", ,1
そ,の,か,み, ,",", ,1
に,ゅ,う,こ,う, ,",", ,1
高,麗, ,",", ,1
阿,弥,陀, ,",", ,1
安,閑, ,",", ,1
お,ろ,か, ,",", ,1
来,世, ,",", ,1
ぶ,り, ,",", ,1
水,筆, ,",", ,1
隠,見, ,",", ,1
あ,く,る,日, ,",", ,1
ゅ,っ,せ,け,ん,て,き,で,あ,る, ,",", ,1
年,来, ,",", ,1
知,己, ,",", ,1
詩,興, ,",", ,1
所,思, ,",", ,1
吹,吾, ,",", ,1
草,生, ,",", ,1
轍, ,",", ,1
廃, ,",", ,1
筑, ,",", ,1
凡, ,",", ,1
卩, ,",", ,1
而,矚, ,",", ,1
万,象, ,",", ,1
晴, ,",", ,1
暉, ,",", ,1
聴,黄, ,",", ,1
転, ,",", ,1
落,英, ,",", ,1
紛,霏, ,",", ,1
尽,平, ,",", ,1
蕪, ,",", ,1
題,詩, ,",", ,1
古,寺, ,",", ,1
扉, ,",", ,1
孤, ,",", ,1
愁,高, ,",", ,1
雲,際, ,",", ,1
大,空, ,",", ,1
鴻, ,",", ,1
寸,心, ,",", ,1
窈,窕, ,",", ,1
我,欲, ,",", ,1
老, ,",", ,1
韶,光, ,",", ,1
芬,菲, ,",", ,1
エ,ヘ,ン, ,",", ,1
咳, ,",", ,1
払, ,",", ,1
ょ,ろ,き,ょ,ろ,と,き,ょ,ろ,つ,く,よ,う,だ, ,",", ,1
あ,い,の, ,",", ,1
縞,物, ,",", ,1
野,生, ,",", ,1
曲,り,角, ,",", ,1
近,辺, ,",", ,1
物,騒, ,",", ,1
ぶ,っ,そ,う, ,",", ,1
縮, ,",", ,1
春,の, ,",", ,1
男,女, ,",", ,1
び,す,を, ,",", ,1
懐,剣, ,",", ,1
昂,然, ,",", ,1
縫, ,",", ,1
九,寸,五,分, ,",", ,1
い,ふ, ,",", ,1
包,み, ,",", ,1
紐, ,",", ,1
片,足, ,",", ,1
包, ,",", ,1
充,分, ,",", ,1
不,即,不,離, ,",", ,1
ふ,つ, ,",", ,1
美,妙, ,",", ,1
び,み,ょ,う,な, ,",", ,1
締, ,",", ,1
細,面, ,",", ,1
撫,肩, ,",", ,1
華,奢, ,",", ,1
き,ゃ,し,ゃ, ,",", ,1
ぶ,っ,き,ら,ぼ,う, ,",", ,1
不,断, ,",", ,1
着, ,",", ,1
銘,仙, ,",", ,1
痩,形, ,",", ,1
縞, ,",", ,1
出,立, ,",", ,1
櫛,目, ,",", ,1
鬢, ,",", ,1
ゅ,す,の,ひ,か,る, ,",", ,1
平,均, ,",", ,1
心,的, ,",", ,1
構,成, ,",", ,1
支,離,滅,裂, ,",", ,1
雑,木,林, ,",", ,1
ば,や,し, ,",", ,1
真,正,面, ,",", ,1
目,付, ,",", ,1
う,そ, ,",", ,1
御,用, ,",", ,1
お,ん,な,じ, ,",", ,1
ゃ,れ,な,の, ,",", ,1
金,持,ち, ,",", ,1
占, ,",", ,1
貧,乏, ,",", ,1
貰,い, ,",", ,1
ょ,う,か,か,ら, ,",", ,1
遠,方, ,",", ,1
時,余, ,",", ,1
迅,雷, ,",", ,1
掩, ,",", ,1
太,刀, ,",", ,1
撃, ,",", ,1
離,縁, ,",", ,1
ぎ,り,で,す, ,",", ,1
登,り, ,",", ,1
玄,関, ,",", ,1
庭,口, ,",", ,1
向,き, ,",", ,1
ゅ,ろ,が, ,",", ,1
土,塀, ,",", ,1
椽,鼻, ,",", ,1
太,陽, ,",", ,1
山,一, ,",", ,1
及, ,",", ,1
敷, ,",", ,1
狩,野, ,",", ,1
派, ,",", ,1
か,の,う, ,",", ,1
双,幅, ,",", ,1
あ,く, ,",", ,1
餞,別, ,",", ,1
せ,ん,べ,つ, ,",", ,1
足,下, ,",", ,1
作,り, ,",", ,1
十,三, ,",", ,1
川,舟, ,",", ,1
世,話, ,",", ,1
思,慮, ,",", ,1
筏, ,",", ,1
い,か,だ, ,",", ,1
艫, ,",", ,1
み,よ,し, ,",", ,1
座, ,",", ,1
嫌,い, ,",", ,1
掀, ,",", ,1
委,細, ,",", ,1
妹, ,",", ,1
語,調, ,",", ,1
ょ,う,だ,ん,と,も, ,",", ,1
外,聞, ,",", ,1
乱,暴, ,",", ,1
凱,旋, ,",", ,1
が,い,せ,ん, ,",", ,1
繋, ,",", ,1
綸, ,",", ,1
鮒, ,",", ,1
分,ぷ, ,",", ,1
橋,畔, ,",", ,1
目,眩, ,",", ,1
旗, ,",", ,1
安,心, ,",", ,1
浮,標, ,",", ,1
川,幅, ,",", ,1
ゆ,る,や,か, ,",", ,1
合,せ, ,",", ,1
北, ,",", ,1
絡, ,",", ,1
手,元, ,",", ,1
寄,せ, ,",", ,1
土,筆, ,",", ,1
つ,く,し, ,",", ,1
堤, ,",", ,1
ま,ば,ら, ,",", ,1
樂, ,",", ,1
れ,き, ,",", ,1
白,桃, ,",", ,1
も,も, ,",", ,1
軍,隊, ,",", ,1
居,眠,り, ,",", ,1
き,し,ょ,う, ,",", ,1
川,縁, ,",", ,1
げ,ん,げ, ,",", ,1
滴,々, ,",", ,1
崢, ,",", ,1
榮, ,",", ,1
そ,う,こ,う, ,",", ,1
は,ん,ぷ,く, ,",", ,1
ほ,の,か, ,",", ,1
ぐ,い,わ,は,あ,の, ,",", ,1
七,曲,り, ,",", ,1
き,の, ,",", ,1
居, ,",", ,1
眠, ,",", ,1
ほ,い,と, ,",", ,1
膈, ,",", ,1
欠, ,",", ,1
伸,の,び, ,",", ,1
攣, ,",", ,1
押, ,",", ,1
談, ,",", ,1
酣, ,",", ,1
た,け,な,わ, ,",", ,1
腰,障,子, ,",", ,1
肴, ,",", ,1
さ,か,な, ,",", ,1
居,酒,屋, ,",", ,1
縄,暖,簾, ,",", ,1
材,木, ,",", ,1
置,場, ,",", ,1
人,力,車, ,",", ,1
乙, ,",", ,1
皆,同, ,",", ,1
速,力, ,",", ,1
同,一, ,",", ,1
氣, ,",", ,1
7,9, ,",", ,1
6, ,",", ,1
ょ,う,き,の, ,",", ,1
恩,沢, ,",", ,1
運,搬, ,",", ,1
方,法, ,",", ,1
一,人,前, ,",", ,1
国,民, ,",", ,1
咆,哮, ,",", ,1
と,ら, ,",", ,1
穽, ,",", ,1
維,持, ,",", ,1
動,物, ,",", ,1
園, ,",", ,1
見,物,人, ,",", ,1
鉄,棒, ,",", ,1
め,ち,ゃ,め,ち,ゃ, ,",", ,1
ち,や, ,",", ,1
北,欧, ,",", ,1
偉,人, ,",", ,1
イ,ブ, ,",", ,1
セ,ン, ,",", ,1
例,証, ,",", ,1
貨,物, ,",", ,1
客,車, ,",", ,1
寸,毫, ,",", ,1
ゃ,と, ,",", ,1
衝, ,",", ,1
闇, ,",", ,1
盲,動, ,",", ,1
標,本, ,",", ,1
蓬, ,",", ,1
ょ,う,ぎ,に,は, ,",", ,1
千,草, ,",", ,1
股,引, ,",", ,1
悪, ,",", ,1
胃,病, ,",", ,1
ゃ,ら,ん,じ,ゃ,ら,ん,と, ,",", ,1
切,符, ,",", ,1
き,っ,ぷ, ,",", ,1
揃, ,",", ,1
改,札, ,",", ,1
プ,ラ,ッ,ト,フ,ォ,ー,ム, ,",", ,1
鉄,路, ,",", ,1
蜿,蜒, ,",", ,1
横,腹, ,",", ,1
車,輪, ,",", ,1
煙,硝, ,",", ,1
車,掌, ,",", ,1
為, ,",", ,1
窓,側, ,",", ,1
列,車, ,",", ,1
惜,気, ,",", ,1
ゃ,は,ご,と,り,ご,と,り,と, ,",", ,1
運,転, ,",", ,1
た,た,き, ,",", ,1
ゅ,し,た,の,で,あ,る, ,",", ,1
